name,location,continent,status,designer,construction,restraint,opening_year,launch,type,height,inversions,speed,length,score,statusI
1,Cedar Point,3,Operating,43,3,2,2018,4,0,206.6904,4,73.943149,5741.4,100,2
2,Carowinds,3,Operating,4,5,2,2015,4,38,324.7992,0,95.069763,6600.9696,99.5,2
3,Cedar Point,3,Operating,24,5,5,2007,14,76,104.9856,2,70.214923,4448.7648,99.2,2
4,Kings Dominion,3,Operating,43,3,2,2018,4,60,111.5472,3,54.059277,3359.5392,99.1,2
5,Six Flags Great Adventure,3,Operating,24,9,2,2006,3,97,180.444,0,70.214923,4399.5528,98.9,2
6,Kolmården,2,Operating,43,9,2,2016,4,99,187.0056,3,70.214923,4265.04,98.8,2
7,Fuji-Q Highland,1,Operating,44,5,5,2006,4,0,249.3408,2,78.292746,3782.7624,98.8,2
8,Dollywood,3,Operating,43,9,2,2016,14,0,164.04,0,73.321778,3799.1664,98.8,2
9,Six Flags Magic Mountain,3,Operating,43,3,2,2015,4,0,121.3896,2,57.166132,4986.816,98.8,2
10,Port Aventura,2,Operating,4,5,2,2012,4,40,249.3408,0,83.263714,5131.1712,98.2,2
11,Energylandia,2,Operating,24,5,2,2018,4,41,252.6216,1,86.99194,4757.16,98.2,2
12,Phantasialand,2,Operating,24,5,2,2016,14,0,98.424,0,72.700407,4330.656,98.1,2
13,Six Flags New England,3,Operating,43,3,2,2015,4,0,108.2664,3,55.302019,3320.1696,98,2
14,Holiday Park,2,Operating,24,5,2,2001,3,66,173.8824,0,74.56452,4002.576,97.9,2
15,Liseberg,2,Operating,31,5,2,2014,14,64,134.5128,7,62.1371,4530.7848,97.8,2
16,Six Flags Fiesta Texas,3,Operating,43,5,2,2018,4,63,114.828,3,52.195164,1804.44,97.5,2
17,Kentucky Kingdom,3,Operating,43,5,2,2016,4,0,101.7048,3,52.195164,2742.7488,97.3,2
18,Silver Dollar City,3,Operating,43,3,2,2013,4,0,164.04,2,68.35081,0,97.1,2
19,Six Flags Over Georgia,3,Operating,43,3,2,2018,4,0,101.7048,3,50.331051,2401.5456,97,2
20,Cedar Point,3,Operating,24,5,2,2003,13,77,419.9424,0,119.303232,2798.5224,96.9,2
21,Legendia,2,Operating,52,5,6,2017,4,60,131.232,0,59.030245,2978.9664,96.8,2
22,Six Flags Great America,3,Operating,43,9,2,2014,4,97,180.444,2,71.457665,3116.76,96.7,2
23,Six Flags Fiesta Texas,3,Operating,43,3,2,2013,4,0,180.444,1,70.214923,3267.6768,96.5,2
24,Six Flags Magic Mountain,3,Operating,2,5,5,2002,4,0,173.8824,6,75.807262,3608.88,96.1,2
25,Mirabilandia,2,Operating,24,5,5,2009,14,76,180.444,3,74.56452,3280.8,95.9,2
26,Mirabilandia,2,Operating,4,5,5,2e3,4,0,164.04,6,64.622584,3936.96,95.8,2
27,Kings Dominion,3,Operating,24,5,5,2010,3,37,305.1144,0,90.098795,5101.644,95.8,2
28,Universal Studios Japan,1,Operating,4,5,1,2016,4,0,124.6704,5,0,3687.6192,95.8,2
29,Ferrari World,1,Operating,24,5,2,2016,3,0,206.6904,1,74.56452,4921.2,95.4,2
30,Knoebels,3,Operating,37,9,2,1985,4,74,78.7392,0,44.738712,3198.78,95.3,2
31,Silver Dollar City,3,Operating,31,5,2,2018,14,57,98.424,3,49.70968,3018.336,95.2,2
32,Cedar Point,3,Operating,24,5,2,2e3,3,37,308.3952,0,93.20565,6594.408,95.2,2
33,SeaWorld Orlando,3,Operating,4,5,2,2016,4,41,200.1288,0,71.457665,4757.16,94.9,2
34,Busch Gardens Williamsburg,3,Operating,4,5,5,2007,4,12,203.4096,2,74.56452,3116.76,94.6,2
35,Walibi Holland,2,Operating,24,5,2,2002,3,66,154.1976,0,65.865326,3982.8912,94.5,2
36,Six Flags Discovery Kingdom,3,Operating,43,3,2,2016,4,0,101.7048,3,52.816535,3198.78,94.3,2
37,Liseberg,2,Operating,24,9,2,2003,4,97,118.1088,0,55.92339,3510.456,94.3,2
38,Kentucky Kingdom,3,Operating,8,5,2,2014,4,0,101.7048,0,55.92339,2509.812,94,2
39,Alton Towers,2,Operating,4,5,5,0,4,95,42.6504,4,50.331051,2349.0528,93.9,2
40,Hansa Park,2,Operating,20,5,2,2015,4,47,239.4984,1,78.914117,4051.788,93.6,2
41,Parc Asterix,2,Operating,4,5,5,2012,4,0,131.232,5,56.544761,3280.8,93.6,2
42,Six Flags Over Georgia,3,Operating,4,5,2,2006,4,40,200.1288,0,69.593552,4478.292,93.4,2
43,Six flags Over Texas,3,Operating,43,3,2,2011,4,0,154.1976,0,65.243955,4199.424,93.2,2
44,Toverland,2,Operating,4,5,6,2018,4,0,131.232,3,59.030245,2667.2904,92.8,2
45,Six Flags New England,3,Operating,24,5,2,2e3,4,66,206.6904,0,77.050004,5400.1968,92.8,2
46,Busch Gardens Tampa,3,Operating,4,5,5,1996,4,0,150.9168,7,59.651616,3982.8912,92.7,2
47,Busch Gardens Tampa,3,Operating,4,5,5,2005,4,12,200.1288,1,70.214923,3188.9376,92.5,2
48,Knott's Berry Farm,3,Operating,24,5,2,2002,13,76,203.4096,0,82.020972,2201.4168,92.4,2
49,Hersheypark,3,Operating,24,5,5,2012,3,66,196.848,0,74.56452,3608.88,92.4,2
50,Shanghaï Disneyland,1,Operating,52,5,5,2016,14,0,78.7392,0,59.030245,3182.376,92.3,2
51,Carowinds,3,Operating,4,5,5,1999,4,0,111.5472,6,62.1371,2952.72,92.2,2
52,Six Flags Magic Mountain,3,Operating,4,5,1,2006,4,0,170.6016,4,62.1371,3599.0376,92.1,2
53,Parque Warner Madrid,2,Operating,4,5,5,2002,4,0,164.04,7,65.243955,3936.96,92,2
54,Six Flags Great Adventure,3,Operating,24,5,5,2005,13,77,456.0312,0,128.002426,3116.76,91.9,2
55,Six Flags Great Adventure,3,Operating,4,5,2,2001,4,40,229.656,0,79.535488,5393.6352,91.6,2
56,Holiday World,3,Operating,4,5,5,2015,14,0,141.0744,4,62.1371,3034.74,91.1,2
57,SeaWorld Orlando,3,Operating,4,5,1,2009,4,0,141.0744,4,60.272987,3359.5392,90.9,2
58,Tobu Zoo Park,1,Operating,24,5,0,2008,3,67,104.9856,0,54.059277,2460.6,90.8,2
59,Djurs Sommerland,2,Operating,24,5,2,2008,4,67,104.9856,0,55.92339,2477.004,90.8,2
60,Cedar Point,3,Operating,4,5,1,2013,4,0,170.6016,6,67.108068,4163.3352,90.5,2
61,Phantasialand,2,Operating,4,5,5,2006,4,0,85.3008,4,49.70968,0,90.3,2
62,Fuji-Q Highland,1,Operating,44,5,2,2001,9,2,170.6016,0,106.875812,3900.8712,90.2,2
63,Walygator Parc,2,Operating,4,5,5,2010,4,0,137.7936,6,57.166132,3936.96,90.1,2
64,Nigloland,2,Operating,31,5,2,0,4,66,98.424,0,62.1371,2624.64,89.9,2
65,Busch Gardens Williamsburg,3,Operating,4,5,5,1997,4,0,196.848,6,67.108068,0,89.9,2
66,Toverland,2,Operating,19,9,2,2007,4,97,114.828,0,0,3280.8,89.5,2
67,Waldameer,3,Operating,22,3,2,2008,4,97,78.7392,0,56.544761,2900.2272,89.2,2
68,Blackpool Pleasure Beach,2,Operating,31,5,2,2018,14,60,88.5816,1,49.70968,3749.9544,89.1,2
69,Universal Studios Singapore,1,Operating,52,5,5,2010,11,0,137.7936,0,55.92339,0,89,2
70,Thorpe Park,2,Operating,24,5,5,2006,13,76,206.6904,0,83.885085,1312.32,88.9,2
71,Six Flags Fiesta Texas,3,Operating,4,5,5,2e3,4,0,167.3208,6,70.214923,4025.5416,88.6,2
72,Canada's Wonderland,3,Operating,4,5,2,2008,4,40,229.656,0,77.050004,5318.1768,88.5,2
73,Europa Park,2,Operating,19,9,2,2012,4,97,114.828,0,62.1371,3444.84,88.5,2
74,Ferrari Land,2,Operating,24,5,2,2017,14,77,367.4496,0,114.953635,2887.104,88.3,2
75,Busch Gardens Williamsburg,3,Operating,4,5,2,1999,4,40,170.6016,0,73.321778,4881.8304,88,2
76,Six Flags Magic Mountain,3,Operating,39,5,2,2013,14,55,157.4784,2,69.593552,2198.136,88,2
77,Hersheypark,3,Operating,24,5,5,2004,13,76,183.7248,3,74.56452,2644.3248,88,2
78,Kings Island,3,Operating,19,9,2,2017,4,97,108.2664,0,52.816535,3264.396,87.8,2
79,PowerPark,2,Operating,20,4,2,2015,14,0,131.232,3,64.622584,2821.488,87.4,2
80,Universal Studios Florida,3,Operating,39,5,2,2004,14,54,45.9312,0,40.389115,2198.136,87.4,2
81,Dorney Park,3,Operating,4,5,5,2001,4,0,134.5128,4,57.787503,3116.76,87.3,2
82,Six flags Over Texas,3,Operating,39,5,2,1998,14,79,216.5328,1,70.214923,1299.1968,87.1,2
83,Heide Park,2,Temporarily closed,24,9,2,2001,4,74,167.3208,0,68.35081,4921.2,86.9,5
84,Busch Gardens Tampa,3,Operating,24,5,5,2011,14,76,101.7048,1,60.272987,4429.08,86.8,2
85,Universal Studios Florida,3,Operating,24,5,2,2014,14,11,0,0,0,0,86.8,2
86,Six Flags St Louis,3,Operating,39,5,2,1998,14,0,216.5328,1,70.214923,1299.1968,86.8,2
87,Kings Island,3,Operating,4,5,2,2009,4,40,229.656,0,80.156859,5282.088,86.3,2
88,Alton Towers,2,Operating,4,5,1,2002,4,0,65.616,3,46.602825,2755.872,86.2,2
89,Hansa Park,2,Operating,20,5,5,2009,7,22,131.232,1,62.1371,0,86.1,2
90,La Ronde,3,Operating,4,5,2,2006,4,40,173.8824,0,68.35081,4038.6648,85.8,2
91,Europa Park,2,Operating,31,5,2,2009,14,60,124.6704,4,62.1371,3464.5248,85.7,2
92,Kings Island,3,Operating,10,9,2,1979,4,0,111.5472,0,64.622584,7358.8344,85.7,2
93,Worlds of Fun,3,Operating,4,5,5,2006,4,0,150.9168,4,59.651616,3080.6712,85.5,2
94,Universal Studios Islands of Adventure,3,Operating,4,5,5,0,16,60,108.2664,7,66.486697,3697.4616,85.5,2
95,Busch Gardens Tampa,3,Operating,4,5,5,1993,4,60,141.0744,7,59.651616,3969.768,85.4,2
96,Efteling,2,Operating,4,5,5,2015,4,12,124.6704,2,55.92339,1640.4,85.3,2
97,Six Flags Discovery Kingdom,3,Operating,4,5,5,2e3,4,0,150.9168,7,65.243955,3936.96,85.2,2
98,Disney California Adventure,3,Operating,24,5,5,2001,14,60,108.2664,1,54.680648,6069.48,85.2,2
99,Fun Spot Kissimmee,3,Operating,22,9,2,2017,4,0,82.02,1,48.466938,2289.9984,84.9,2
100,Walibi Holland,2,Operating,31,5,2,2016,4,4,104.9856,2,54.059277,2230.944,84.9,2
101,Parque Warner Madrid,2,Operating,52,5,5,2002,3,73,190.2864,3,65.865326,1204.0536,84.7,2
102,Gardaland,2,Operating,4,5,5,2015,4,12,141.0744,2,62.1371,1856.9328,84.6,2
103,Silver Dollar City,3,Operating,44,5,2,0,6,2,98.424,0,62.1371,3503.8944,84.3,2
104,Gardaland,2,Operating,4,5,5,2011,4,0,108.2664,3,55.92339,2526.216,84.2,2
105,Silver Dollar City,3,Operating,4,5,5,0,4,60,121.3896,5,65.865326,3074.1096,84.2,2
106,Busch Gardens Williamsburg,3,Operating,58,5,2,2012,14,52,0,0,52.816535,2834.6112,84.1,2
107,Ocean Park,1,Operating,4,5,5,0,4,60,114.828,4,55.92339,2788.68,84.1,2
108,Disney's Animal Kingdom,3,Operating,52,5,2,2006,4,35,111.5472,0,49.70968,4399.5528,84,2
109,Movie Park Germany,2,Operating,31,5,2,2017,14,60,147.636,3,55.92339,2362.176,83.9,2
110,Universal Studios Singapore,1,Operating,39,5,5,2010,14,45,45,0,44.738712,2198.136,83.9,2
111,Adventureland,3,Operating,20,5,2,2016,4,47,134.5128,5,65.243955,2499.9696,83.8,2
112,Freizeitpark Plohn,2,Operating,19,9,2,2009,4,97,91.8624,0,46.602825,2460.6,83.8,2
113,Foire,1,Operating,47,5,5,1989,1,60,124.6704,5,49.70968,4101,83.5,2
114,SeaWorld Orlando,3,Operating,4,5,5,2e3,4,0,150.9168,7,65.243955,4176.4584,83.5,2
115,Tripsdrill,2,Operating,20,5,2,2013,14,47,104.9856,0,62.1371,2296.56,83.5,2
116,Alton Towers,2,Operating,4,5,5,1998,4,12,65.616,0,68.35081,1220.4576,83.2,2
117,Kings Dominion,3,Temporarily closed,24,5,5,1998,14,0,154.1976,4,69.593552,2755.872,83.2,5
118,Carowinds,3,Operating,4,5,2,2010,0,40,232.9368,0,74.56452,5314.896,83.2,2
119,Hong Kong Disneyland,1,Operating,52,5,2,2012,7,68,0,0,34.796776,3608.88,83,2
120,Thorpe Park,2,Operating,4,5,5,2012,4,0,127.9512,4,0,2542.62,82.8,2
121,Energylandia,2,Operating,52,5,5,0,14,60,82.02,3,49.088309,1837.248,82.7,2
122,Ferrari World,1,Operating,24,5,2,2010,13,52,170.6016,0,149.12904,6561.6,82.7,2
123,Cedar Point,3,Operating,4,5,5,1994,4,0,137.7936,6,57.166132,3789.324,82.5,2
124,Europa Park,2,Operating,4,5,2,0,4,41,239.4984,0,78.914117,5314.896,82.4,2
125,Lake Compounce,3,Operating,7,9,2,2e3,4,74,114.828,0,60.272987,4724.352,82.4,2
126,Canada's Wonderland,3,Operating,4,5,2,2012,4,38,305.1144,0,91.962908,5485.4976,82,2
127,Port Aventura,2,Operating,4,5,5,1995,4,60,147.636,8,65.243955,4166.616,81.9,2
128,Attractiepark Slagharen,2,Operating,20,5,2,2017,14,47,108.2664,2,55.92339,1312.32,81.9,2
129,Le Pal,2,Operating,24,5,2,2018,16,25,39.3696,0,52.816535,3280.8,81.6,2
130,Universal Studios Japan,1,Operating,4,5,2,2007,4,66,144.3552,0,55.92339,3936.96,81.5,2
131,Heide Park,2,Operating,4,5,1,2014,4,0,164.04,5,62.1371,2532.7776,81.5,2
132,Efteling,2,Operating,19,9,2,2010,4,97,72.1776,0,46.602825,2585.2704,81.4,2
133,Universal Studios Islands of Adventure,3,Definitely closed,4,5,5,1999,4,0,124.6704,5,60.272987,3198.78,81.4,1
134,California's Great America,3,Operating,4,5,2,1993,4,0,101.7048,3,50.331051,2260.4712,81.4,2
135,Alton Towers,2,Operating,20,5,2,2013,4,47,98.424,14,52.816535,3838.536,81.3,2
136,Dollywood,3,Operating,4,5,5,2012,4,0,209.9712,4,60.894358,3126.6024,81.1,2
137,Efteling,2,Operating,19,9,2,2010,4,97,72.1776,0,46.602825,2585.2704,80.3,2
138,Rainbow MagicLand,2,Operating,33,5,2,2011,14,60,114.828,1,62.1371,2460.6,80.3,2
139,Six Flags America,3,Operating,24,5,2,2e3,4,66,196.848,0,72.700407,5347.704,80.2,2
140,Walibi Rhône Alpes,2,Operating,22,9,2,2016,4,97,55.7736,0,40.389115,1463.2368,79.2,2
141,Liseberg,2,Operating,47,5,2,1987,4,95,147.636,0,49.70968,5078.6784,79,2
142,Knott's Berry Farm,3,Operating,4,5,5,2004,4,0,147.636,6,55.302019,3126.6024,79,2
143,Plopsaland,2,Operating,20,5,5,0,14,60,111.5472,3,55.92339,1968.48,78.9,2
144,Hersheypark,3,Operating,4,5,5,1998,4,0,88.5816,4,57.787503,2798.5224,78.9,2
145,Tivoli Gardens,2,Operating,29,9,2,0,3,74,42.6504,0,31.06855,2362.176,78.4,2
146,Knott's Berry Farm,3,Operating,20,5,2,0,4,62,150.9168,4,57.166132,2198.136,78.4,2
147,Tokyo dome city,1,Operating,24,5,2,2003,3,40,262.464,0,80.77823,3510.456,78.3,2
148,CineCittà World,2,Operating,24,5,3,0,0,26,65.616,0,0,1499.3256,78.3,2
149,Kings Dominion,3,Operating,4,5,5,2008,4,0,157.4784,5,65.243955,4209.2664,78.1,2
150,Hersheypark,3,Operating,24,5,2,2008,4,60,121.3896,6,57.787503,2700.0984,78.1,2
151,Holiday World,3,Operating,22,9,2,2006,4,97,160.7592,0,67.108068,6440.2104,77.8,2
152,Parc Saint Paul,2,Operating,22,3,2,2018,4,98,49.212,0,37.903631,1571.5032,77.6,2
153,Universal Studios Islands of Adventure,3,Definitely closed,4,5,5,1999,4,0,124.6704,5,55.302019,3198.78,77.4,1
154,CineCittà World,2,Operating,24,0,3,2014,0,0,108.2664,0,52.816535,2870.7,77.3,2
155,Walibi Belgium,2,Operating,31,5,2,0,14,79,147.636,0,62.1371,711.9336,77.2,2
156,Heide Park,2,Operating,4,5,5,2011,4,12,134.5128,1,0,1561.6608,77,2
157,Parque Warner Madrid,2,Operating,4,5,5,2002,4,3,104.9856,5,49.70968,2700.0984,76.9,2
158,Six Flags Great Adventure,3,Operating,4,5,1,2003,4,0,104.9856,2,50.952422,2759.1528,76.7,2
159,Kings Island,3,Operating,4,5,5,2014,4,0,167.3208,7,68.35081,4133.808,76.5,2
160,Tivoli Gardens,2,Operating,4,5,5,0,4,60,91.8624,3,47.845567,1850.3712,76.3,2
161,Six Flags Great Adventure,3,Operating,4,5,5,1999,4,0,141.0744,7,60.894358,3982.8912,76.1,2
162,Gröna Lund,2,Operating,22,9,2,2011,4,97,49.212,0,37.903631,1574.784,76.1,2
163,Oakwood,2,Operating,7,9,2,1996,4,97,85.3008,0,47.845567,2956.0008,76,2
164,Blackpool Pleasure Beach,2,Definitely closed,51,9,4,1958,4,101,0,0,0,1279.512,76,1
165,Holiday Park,2,Operating,39,5,2,2014,14,65,150.9168,1,62.1371,853.008,75.5,2
166,PowerPark,2,Operating,19,9,2,2006,4,97,88.5816,0,46.602825,2788.68,75.3,2
167,Quassy Amusement Park,3,Operating,22,9,2,2011,4,97,36.0888,0,34.796776,1240.1424,75,2
168,Farup Sommerland,2,Operating,20,5,5,2008,13,60,65.616,2,49.70968,1771.632,75,2
169,Six Flags Great America,3,Operating,4,5,1,2012,4,0,121.3896,5,55.92339,3001.932,75,2
170,Six Flags Great America,3,Operating,4,5,1,2003,4,0,104.9856,2,50.952422,2798.5224,74.9,2
171,Särkänniemi Amusement Park,2,Operating,24,5,5,2001,4,0,82.02,5,46.602825,2296.56,74.6,2
172,Dollywood,3,Operating,2,5,5,1999,4,60,164.04,3,62.758471,2683.6944,74.5,2
173,Fun Spot America,3,Operating,19,9,2,2013,4,74,75.4584,0,46.602825,1968.48,74.4,2
174,Kennywood,3,Operating,2,5,2,1991,4,40,229.656,0,82.020972,3198.78,74.3,2
175,Parc Asterix,2,Operating,20,5,2,2017,5,0,68.8968,0,32.311292,3044.5824,74.2,2
176,Plopsaland,2,Operating,19,9,2,2017,4,75,72.1776,0,43.49597,2034.096,74.2,2
177,Phantasialand,2,Operating,33,5,2,2002,17,0,55.7736,0,37.28226,1345.128,74.1,2
178,Universal Studios Hollywood,3,Operating,39,0,2,2004,14,0,45.9312,0,39.767744,1906.1448,74.1,2
179,Six Flags Discovery Kingdom,3,Operating,39,5,2,2012,14,0,147.636,1,59.651616,0,73.7,2
180,Knott's Berry Farm,3,Operating,19,9,2,1998,4,97,118.1088,0,55.92339,4534.0656,73.4,2
181,Phantasialand,2,Operating,52,5,2,1996,1,68,85.3008,0,31.06855,4199.424,73.3,2
182,Parque de Atracciones de Madrid,2,Operating,33,5,2,2006,4,103,150.9168,2,65.243955,1476.36,73.3,2
183,Thorpe Park,2,Operating,4,5,5,2003,4,0,95.1432,4,47.845567,2460.6,73.2,2
184,Disneyland Park,2,Operating,52,5,2,1992,4,69,72.1776,0,37.28226,4921.2,73.2,2
185,Dorney Park,3,Operating,4,5,5,0,4,60,95.1432,7,52.816535,3198.78,73,2
186,Fuji-Q Highland,1,Operating,50,5,2,1996,4,42,259.1832,0,80.77823,6709.236,72.9,2
187,Tokyo Disneyland,1,Operating,52,5,2,1987,4,68,0,0,37.28226,0,72.4,2
188,Dorney Park,3,Operating,35,5,2,1997,4,40,200.1288,0,74.56452,5597.0448,72.3,2
189,Alton Towers,2,Operating,24,5,5,2005,13,76,68.8968,0,60.894358,2122.6776,71.9,2
190,Alton Towers,2,Operating,19,9,2,2018,4,97,72.1776,0,44.117341,2027.5344,71.8,2
191,Tibidabo,2,Operating,52,5,2,2008,4,0,82.02,0,49.70968,2427.792,71.8,2
192,Six Flags Great America,3,Operating,4,5,2,1999,4,40,203.4096,0,73.321778,5058.9936,71.7,2
193,Cedar Point,3,Operating,24,5,5,2002,14,79,206.6904,0,72.079036,0,71.5,2
194,Cedar Point,3,Operating,4,5,6,0,4,12,223.0944,3,74.56452,3444.84,71.5,2
195,Toverland,2,Operating,31,5,2,2012,4,0,65.616,0,43.49597,1515.7296,71.3,2
196,Heide Park,2,Operating,24,5,2,2007,13,76,62.3352,0,62.1371,2132.52,71.3,2
197,Phantasialand,2,Operating,33,5,2,2002,17,0,55.7736,0,41.010486,1525.572,71.3,2
198,Six Flags St Louis,3,Operating,19,9,2,2008,4,0,82.02,0,47.845567,2713.2216,71.2,2
199,Linnanmäki,2,Operating,33,5,5,2011,4,103,150.9168,2,65.243955,492.12,70.9,2
200,Djurs Sommerland,2,Operating,24,5,5,2013,16,25,39.3696,0,52.816535,3280.8,70.8,2
201,Dollywood,3,Operating,19,9,2,2004,4,97,101.7048,0,55.302019,3231.588,70.7,2
202,California's Great America,3,Operating,19,9,2,2013,4,97,108.2664,0,54.059277,3198.78,70.6,2
203,Santa Cruz Beach Boardwalk,3,Operating,51,5,2,1924,4,0,68.8968,0,55.302019,2641.044,70.3,2
204,Six Flags Great Adventure,3,Operating,4,5,5,1993,4,0,104.9856,5,50.331051,2693.5368,70.1,2
205,Universal Studios Japan,1,Operating,31,5,2,2010,0,0,62.3352,0,0,1919.268,69.7,2
206,Six Flags Over Georgia,3,Operating,47,5,5,1978,4,60,82.02,2,50.331051,3254.5536,69.6,2
207,Kemah Boardwalk,3,Operating,22,9,2,2007,4,97,95.1432,0,50.952422,3234.8688,69.4,2
208,Bakken,2,Operating,24,5,2,1997,1,68,62.3352,0,40.389115,0,69.1,2
209,Six Flags Fiesta Texas,3,Operating,44,5,5,2015,4,33,118.1088,0,37.903631,1017.048,69.1,2
210,Six Flags Over Georgia,3,Operating,4,5,5,1997,4,0,104.9856,5,50.331051,2700.0984,69,2
211,Six Flags Discovery Kingdom,3,Operating,24,5,5,2001,14,79,150.9168,1,65.243955,629.9136,68.8,2
212,Chessington World of Adventures,2,Operating,33,5,2,2004,4,0,59.0544,0,0,1771.632,68.7,2
213,Disneyland,3,Operating,16,5,2,2005,4,43,75.4584,0,32.311292,3451.4016,68.6,2
214,TusenFryd,2,Operating,24,5,5,2006,13,76,131.232,3,55.92339,2263.752,68.4,2
215,Busch Gardens Williamsburg,3,Operating,39,5,2,2015,14,55,150.9168,1,62.1371,862.8504,68.3,2
216,Six Flags Magic Mountain,3,Operating,4,5,5,1998,4,0,154.1976,6,65.243955,4370.0256,68.2,2
217,Parque de Atracciones de Madrid,2,Operating,33,5,2,2005,4,0,72.1776,0,42.253228,2066.904,68.2,2
218,Alton Towers,2,Operating,24,5,2,0,2,32,65.616,0,40.389115,2480.2848,68,2
219,Six Flags America,3,Operating,52,5,1,2001,4,0,114.828,5,50.331051,3339.8544,68,2
220,Six Flags Great America,3,Operating,24,5,5,2001,14,79,183.7248,0,70.214923,629.9136,67.9,2
221,Six Flags Great America,3,Operating,44,5,5,2017,4,33,121.3896,0,37.903631,1017.048,67.7,2
222,Kings Island,3,Definitely closed,52,5,1,2007,4,30,114.828,0,50.331051,3339.8544,67.6,1
223,Shanghaï Disneyland,1,Operating,52,5,2,0,4,23,45.9312,0,31.06855,1909.4256,67.5,2
224,Nagashima Spa Land,1,Operating,35,5,2,2e3,4,37,318.2376,0,95.069763,8133.1032,67.5,2
225,SeaWorld San Antonio,3,Operating,35,5,2,1999,4,66,150.9168,0,65.243955,3700.7424,67.4,2
226,Farup Sommerland,2,Operating,52,0,5,2013,1,0,62.3352,0,46.602825,1486.2024,67.4,2
227,Six Flags Great America,3,Operating,4,5,5,1992,4,0,101.7048,5,50.331051,2700.0984,67,2
228,Universal Studios Florida,3,Operating,33,5,2,2009,4,103,167.3208,0,65.243955,0,66.8,2
229,Linnanmäki,2,Operating,24,5,5,2007,4,105,85.3008,0,37.28226,465.8736,66.7,2
230,Ocean Park,1,Operating,57,5,2,1999,0,68,68.8968,0,46.602825,2329.368,66.7,2
231,Hersheypark,3,Operating,19,9,2,2e3,4,97,88.5816,0,50.952422,3398.9088,66.7,2
232,Movie Park Germany,2,Operating,20,5,2,2011,4,43,26.2464,0,22.369356,1312.32,66.6,2
233,Paultons Park,2,Operating,52,0,3,0,0,0,65.616,0,0,1295.916,66.3,2
234,Skyline Park,2,Operating,33,5,2,2004,4,103,150.9168,2,65.243955,492.12,66.2,2
235,Disney's Magic Kingdom,3,Operating,2,5,2,1980,4,68,0,0,36.039518,2778.8376,66.2,2
236,La Ronde,3,Operating,4,5,5,2002,4,0,104.9856,5,50.331051,2700.0984,66.2,2
237,Six Flags America,3,Operating,39,5,2,1999,14,56,78.7392,4,59.651616,2703.3792,66,2
238,Six Flags Magic Mountain,3,Operating,21,5,2,2e3,4,42,232.9368,0,85.127827,4494.696,65.8,2
239,Hersheypark,3,Operating,19,9,2,2e3,4,97,88.5816,0,50.952422,3398.9088,65.7,2
240,Gröna Lund,2,Operating,47,5,2,1988,4,34,104.9856,0,55.92339,2624.64,65.7,2
241,Six Flags Great Adventure,3,Operating,44,5,5,2016,4,33,121.3896,0,37.903631,1020.3288,65.7,2
242,Attractiepark Slagharen,2,Relocated,47,5,2,1979,4,60,78.7392,1,46.602825,1942.2336,65.6,3
243,Walibi Belgium,2,Operating,47,5,2,1982,14,84,137.7936,1,52.816535,853.008,65.5,2
244,Cedar Point,3,Operating,2,5,2,1989,4,40,206.6904,0,72.079036,5104.9248,65.5,2
245,Dollywood,3,Operating,20,5,2,2014,8,58,0,0,34.796776,2427.792,65.4,2
246,Disneyland,3,Operating,53,5,2,1979,4,68,0,0,27.961695,2670.5712,65.4,2
247,Foire,1,Operating,17,5,2,1992,4,0,59.0544,0,31.06855,2493.408,65.3,2
248,Six Flags Magic Mountain,3,Operating,24,5,2,1997,14,79,413.3808,0,99.41936,1233.5808,65.3,2
249,Lightwater Valley,2,Operating,5,5,2,1991,4,68,157.4784,0,49.70968,7440.8544,65.2,2
250,SeaWorld San Diego,3,Operating,31,5,2,2012,14,52,29.5272,0,43.49597,2788.68,65,2
251,Six Flags New England,3,Operating,4,5,5,2002,4,0,118.1088,5,55.302019,2601.6744,64.9,2
252,Six flags Over Texas,3,Operating,44,5,5,2017,4,33,118.1088,0,37.903631,1017.048,64.6,2
253,Six Flags St Louis,3,Operating,7,9,2,2e3,4,97,150.9168,0,65.865326,5052.432,64.5,2
254,Six Flags St Louis,3,Operating,4,5,5,1995,4,0,104.9856,5,50.331051,2693.5368,64.3,2
255,Knott's Berry Farm,3,Operating,47,5,2,1978,13,80,147.636,1,55.302019,800.5152,64.2,2
256,Disney's Magic Kingdom,3,Operating,2,5,2,1975,4,0,88.5816,0,27.340324,3195.4992,64,2
257,Efteling,2,Operating,28,5,2,2007,4,0,75.4584,0,0,1377.936,64,2
258,Disney's Magic Kingdom,3,Operating,2,5,2,1975,4,0,88.5816,0,27.340324,3195.4992,64,2
259,Six flags Over Texas,3,Operating,21,5,2,2001,4,40,246.06,0,85.127827,5311.6152,63.9,2
260,Dollywood,3,Operating,20,5,5,2007,4,22,114.828,2,45.981454,1811.0016,63.8,2
261,Energylandia,2,Operating,52,5,2,0,1,23,65.616,0,46.602825,1486.2024,63.8,2
262,Knoebels,3,Operating,37,9,2,1999,4,97,101.7048,0,51.573793,3900.8712,63.7,2
263,Six Flags Magic Mountain,3,Operating,4,5,5,1994,4,0,104.9856,5,49.70968,2700.0984,63.3,2
264,Six Flags Magic Mountain,3,Operating,4,5,5,0,4,60,150.9168,7,62.758471,3986.172,63.1,2
265,Disney Hollywood Studios,3,Operating,52,5,5,1999,14,60,78.7392,3,59.651616,3369.3816,63,2
266,Le Pal,2,Operating,31,5,2,2011,4,0,72.1776,0,43.49597,1541.976,63,2
267,Kings Dominion,3,Operating,39,5,2,1996,14,46,75.4584,4,54.059277,2706.66,62.9,2
268,SeaWorld San Antonio,3,Operating,4,5,5,1997,4,0,108.2664,5,50.331051,2562.3048,62.3,2
269,Bakken,2,Operating,24,5,2,2009,4,0,32.808,0,0,984.24,62.3,2
270,Galveston Island Historic Pleasure Pier,3,Operating,20,5,2,2012,4,22,101.7048,1,52.195164,1246.704,62.2,2
271,Cedar Point,3,Operating,4,5,5,1996,4,0,144.3552,4,60.272987,3897.5904,62.1,2
272,Six Flags Over Georgia,3,Operating,4,5,5,1999,4,0,108.2664,2,54.059277,2998.6512,62,2
273,Fuji-Q Highland,1,Operating,20,5,5,2011,14,22,141.0744,7,62.1371,3280.8,61.9,2
274,Kings Island,3,Operating,2,5,5,1993,4,0,78.7392,0,50.952422,2349.0528,61.8,2
275,Holiday World,3,Operating,7,9,2,2e3,4,97,114.828,0,57.787503,4041.9456,61.8,2
276,Bayern Park,2,Operating,33,5,2,2011,14,76,78.7392,3,49.70968,1509.168,61.8,2
277,Six flags Over Texas,3,Operating,47,5,2,1978,4,60,114.828,2,59.651616,3599.0376,61.5,2
278,Schwaben Park,2,Operating,58,5,2,2010,4,0,72.1776,0,52.816535,1738.824,61.4,2
279,Dorney Park,3,Operating,24,5,5,2008,14,79,180.444,0,70.214923,705.372,61.3,2
280,Tripsdrill,2,Operating,11,9,2,2008,4,97,98.424,0,55.92339,2821.488,61.3,2
281,Six Flags Great America,3,Operating,37,9,2,1995,4,97,101.7048,0,50.331051,3457.9632,61.1,2
282,Disney's Magic Kingdom,3,Operating,52,5,2,2014,4,68,0,0,0,0,61.1,2
283,Linnanmäki,2,Operating,33,5,2,2008,4,0,55.7736,0,37.28226,1377.936,60.8,2
284,Oakwood,2,Operating,20,5,5,2006,4,22,114.828,2,59.030245,2001.288,60.8,2
285,Foire,1,Operating,47,5,2,1983,16,60,88.5816,0,49.70968,2985.528,60.7,2
286,Six Flags Over Georgia,3,Operating,4,5,1,2002,4,0,104.9856,2,50.952422,2755.872,60.7,2
287,Legoland Billund,2,Operating,58,5,2,0,4,32,0,0,0,0,60.6,2
288,Greenland,1,Operating,50,5,5,1994,3,0,98.424,3,43.49597,1181.088,60.4,2
289,Särkänniemi Amusement Park,2,Operating,24,5,2,2003,14,79,98.424,0,43.49597,229.656,60.1,2
290,Worlds of Fun,3,Operating,19,9,2,2009,4,97,101.7048,0,50.952422,3074.1096,60,2
291,Thorpe Park,2,Operating,20,5,5,2009,4,22,101.7048,3,55.302019,2362.176,59.9,2
292,Tripsdrill,2,Operating,20,5,2,1998,4,5,52.4928,0,31.06855,1574.784,59.7,2
293,Gröna Lund,2,Operating,24,5,5,2009,11,1,118.1088,0,37.28226,820.2,59.7,2
294,Fantasy Island Ingoldmells,2,Operating,52,5,5,1999,4,60,150.9168,3,59.651616,0,59.6,2
295,SeaWorld Orlando,3,Operating,31,5,2,1998,4,100,0,0,0,0,59.5,2
296,Fraispertuis City,2,Operating,44,5,5,2011,4,19,98.424,2,41.010486,1377.936,59.5,2
297,Six Flags Fiesta Texas,3,Operating,4,5,5,2008,4,0,104.9856,5,49.70968,2700.0984,59.5,2
298,Carowinds,3,Operating,52,5,1,2004,4,0,114.828,5,50.952422,2765.7144,59.4,2
299,Drievliet Family Park,2,Operating,33,5,2,2007,14,103,49.212,2,43.49597,984.24,59,2
300,ZDT's Amusement Park,3,Operating,22,9,2,2015,4,79,65.616,0,41.010486,1197.492,58.9,2
301,Walt Disney Studios,2,Operating,33,5,2,0,4,43,52.4928,0,37.903631,1391.0592,58.5,2
302,Walibi Belgium,2,Operating,20,5,2,2018,4,6,65.616,0,34.175405,1640.4,58.3,2
303,Mt. Olympus Water & Theme Park,3,Operating,7,5,2,1995,4,0,68.8968,0,57.787503,1899.5832,58.2,2
304,Parc Saint Paul,2,Operating,36,5,2,2005,4,101,49.212,0,0,1246.704,58.2,2
305,Cedar Point,3,Operating,2,3,2,1978,4,0,124.6704,0,59.651616,3936.96,58,2
306,Europa Park,2,Operating,31,5,2,0,15,23,85.3008,0,37.28226,3024.8976,57.8,2
307,Plopsa Coo,2,Operating,20,5,2,2011,4,0,55.7736,0,34.175405,1312.32,57.4,2
308,Six flags Over Texas,3,Operating,4,5,5,1999,4,0,104.9856,5,50.331051,2700.0984,57.3,2
309,Walt Disney Studios,2,Operating,52,5,5,0,14,61,78.7392,3,57.166132,3402.1896,56.9,2
310,Lightwater Valley,2,Operating,47,5,2,1987,4,0,49.212,0,40.389115,1837.248,56.8,2
311,Liseberg,2,Definitely closed,24,5,5,2005,13,76,78.7392,2,46.602825,1443.552,56.7,1
312,Beech Bend,3,Operating,19,9,2,2006,4,97,88.5816,0,47.845567,2828.0496,56.5,2
313,Six Flags New England,3,Operating,52,5,5,2012,3,73,190.2864,3,65.865326,1204.0536,56.5,2
314,Gröna Lund,2,Operating,20,5,2,2003,4,5,68.8968,0,34.175405,1410.744,56.2,2
315,Duinrell,2,Operating,20,5,2,2012,4,0,49.212,0,0,1181.088,55.9,2
316,Hong Kong Disneyland,1,Operating,52,5,2,2005,0,0,101.7048,0,0,3451.4016,55.6,2
317,Hansa Park,2,Operating,47,5,2,1979,4,60,85.3008,1,49.088309,2431.0728,55.5,2
318,Paultons Park,2,Operating,20,5,2,2006,4,5,55.7736,0,31.06855,1476.36,55.2,2
319,Six Flags Great America,3,Operating,24,9,2,1981,4,97,124.6704,0,65.865326,4648.8936,55.2,2
320,Indiana Beach,3,Operating,7,9,2,2001,3,0,55.7736,0,44.738712,2099.712,55,2
321,Knott's Berry Farm,3,Operating,31,5,2,2007,4,89,62.3352,0,37.28226,1410.744,55,2
322,Linnanmäki,2,Operating,51,9,2,1951,4,97,75.4584,0,37.28226,3149.568,55,2
323,Europa Park,2,Operating,31,5,2,0,10,16,45.9312,0,19.262501,1656.804,54.8,2
324,Universal Studios Singapore,1,Operating,52,5,5,2010,11,60,0,0,0,0,54.6,2
325,Belantis,2,Operating,20,5,2,2003,4,5,59.0544,0,43.49597,1640.4,54.5,2
326,Canada's Wonderland,3,Definitely closed,50,5,5,1985,4,0,88.5816,1,50.952422,2207.9784,54.5,1
327,TusenFryd,2,Operating,52,9,2,2001,4,97,104.9856,0,57.787503,3116.76,54.3,2
328,Six Flags New England,3,Operating,44,5,5,2017,4,33,121.3896,0,37.903631,1017.048,54.1,2
329,Nagashima Spa Land,1,Operating,50,5,5,0,4,0,95.1432,3,44.117341,1377.936,54,2
330,Phantasialand,2,Operating,52,5,2,2016,1,8,82.02,0,38.525002,688.968,53.9,2
331,Wiener Prater,2,Operating,52,5,2,1994,4,96,62.3352,0,43.49597,1804.44,53.9,2
332,Six flags Over Texas,3,Operating,20,5,2,2008,4,0,52.4928,0,31.06855,1351.6896,53.4,2
333,Port Aventura,2,Operating,24,5,5,2007,13,0,45.9312,1,83.885085,2952.72,53.3,2
334,Adventure Island,2,Operating,20,5,5,2007,4,22,72.1776,3,43.49597,1184.3688,53.1,2
335,Walibi Belgium,2,Definitely closed,14,5,2,2007,17,93,180.444,0,37.28226,2368.7376,53,1
336,Six Flags Magic Mountain,3,Temporarily closed,19,9,2,2009,4,97,101.7048,0,55.302019,2851.0152,52.8,5
337,Busch Gardens Williamsburg,3,Operating,2,5,5,1978,4,60,127.9512,2,59.651616,3238.1496,52.7,2
338,Särkänniemi Amusement Park,2,Operating,57,5,2,2010,16,0,0,0,42.253228,0,52.7,2
339,Adventureland,3,Operating,7,9,2,1993,4,97,65.616,0,47.845567,2798.5224,52.6,2
340,OK Corral,2,Operating,20,5,2,2012,1,79,0,0,0,0,52.6,2
341,Farup Sommerland,2,Operating,44,5,2,2004,4,0,65.616,0,46.602825,2040.6576,52.5,2
342,Kings Island,3,Operating,39,5,2,2005,14,53,45,0,39.767744,0,52.4,2
343,Paultons Park,2,Operating,52,2,3,0,0,0,656.16,0,0,65.616,52.3,2
344,Disneyland,3,Operating,2,5,3,1959,4,5,78.7392,0,26.718953,2037.3768,52.2,2
345,Hersheypark,3,Operating,37,5,2,1946,4,0,85.3008,0,50.331051,3359.5392,52.1,2
346,Knoebels,3,Operating,58,5,2,2015,4,0,98.424,4,55.302019,1975.0416,52,2
347,Disneyland Park,2,Operating,52,5,5,1995,13,61,101.7048,3,43.49597,3280.8,52,2
348,Kentucky Kingdom,3,Operating,12,9,2,1990,4,97,88.5816,0,52.816535,2851.0152,51.9,2
349,Bagatelle,2,Operating,52,5,5,2012,4,48,131.232,3,49.70968,1017.048,51.6,2
350,Nagashima Spa Land,1,Operating,47,5,2,1980,12,80,134.5128,1,52.816535,853.008,51.5,2
351,Parque de Atracciones de Madrid,2,Operating,20,5,2,2012,4,68,55.7736,0,0,1476.36,51.3,2
352,Canada's Wonderland,3,Operating,39,5,2,2005,14,23,45.9312,0,39.767744,1958.6376,51.3,2
353,Kings Dominion,3,Operating,39,5,2,2006,14,0,45.9312,0,39.767744,1958.6376,51.2,2
354,Busch Gardens Williamsburg,3,Operating,19,3,2,2017,0,97,75.4584,0,47.845567,0,51.1,2
355,Holiday World,3,Operating,7,9,2,1995,4,97,108.2664,0,47.845567,2729.6256,51.1,2
356,Tokyo DisneySea,1,Operating,24,5,5,2005,4,60,52.4928,1,37.28226,1968.48,51,2
357,Six Flags Fiesta Texas,3,Operating,20,5,2,2007,4,90,52.4928,0,31.06855,1351.6896,51,2
358,Six Flags Over Georgia,3,Operating,20,5,2,2011,4,22,95.1432,3,52.195164,2099.712,50.9,2
359,Parque Warner Madrid,2,Operating,31,5,2,2009,1,104,52.4928,0,37.28226,1574.784,50.8,2
360,Parc Asterix,2,Operating,7,9,2,1997,4,97,98.424,0,52.195164,4045.2264,50.8,2
361,Kings Island,3,Operating,39,5,2,1996,14,56,75.4584,4,54.059277,2706.66,50.8,2
362,Worlds of Fun,3,Operating,35,5,2,1998,4,40,206.6904,0,74.56452,5577.36,50.5,2
363,Chessington World of Adventures,2,Operating,2,5,5,1990,4,0,55.7736,0,45.981454,2349.0528,50.4,2
364,Santa Cruz Beach Boardwalk,3,Operating,33,5,2,2013,4,0,49.212,0,39.767744,1410.744,50.4,2
365,Cedar Point,3,Operating,37,9,2,1964,4,74,78.7392,0,39.767744,2559.024,50.2,2
366,Alton Towers,2,Operating,33,5,2,2004,4,0,55.7736,0,37.28226,1476.36,50.2,2
367,Jardin d'Acclimatation,2,Operating,20,2,2,2018,4,0,36.0888,0,0,1312.32,50.2,2
368,Djurs Sommerland,2,Operating,31,5,2,2011,4,0,91.8624,0,43.49597,1492.764,49.9,2
369,Klotten (Wild- und Freizeitpark),2,Operating,20,5,0,2004,4,5,55.7736,0,34.175405,1745.3856,49.8,2
370,Gröna Lund,2,Operating,52,5,2,0,1,23,65.616,0,34.175405,1312.32,49.7,2
371,Hersheypark,3,Operating,47,5,2,1977,4,60,0,1,0,0,49.7,2
372,Energylandia,2,Operating,24,5,3,2018,17,0,164.04,0,68.35081,0,49.6,2
373,Six Flags St Louis,3,Operating,20,5,2,2007,4,0,52.4928,0,31.06855,1351.6896,49.5,2
374,Kennywood,3,Operating,1,5,2,1921,4,0,68.8968,0,44.738712,2132.52,49.2,2
375,Busch Gardens Tampa,3,Operating,47,5,2,1981,4,60,65.616,1,49.70968,1811.0016,49.1,2
376,Europa Park,2,Operating,31,5,2,2006,1,97,49.212,0,40.389115,1312.32,49.1,2
377,Walibi Holland,2,Operating,52,5,5,2e3,14,0,85.3008,3,55.92339,3267.6768,48.9,2
378,Movieland Park,2,Operating,52,5,5,0,4,48,131.232,3,49.70968,1017.048,48.7,2
379,Walibi Belgium,2,Operating,52,9,2,2001,4,97,91.8624,0,49.70968,3395.628,48.7,2
380,Great Escape,3,Operating,37,5,2,1994,4,0,95.1432,0,55.302019,4196.1432,48.6,2
381,Blackpool Pleasure Beach,2,Operating,2,5,5,1979,0,79,55.7736,1,44.738712,633.1944,48.3,2
382,Greenland,1,Operating,34,0,2,1998,4,0,131.232,0,60.894358,5459.2512,48.3,2
383,Disneyland,3,Operating,2,5,0,1959,4,5,78.7392,0,26.718953,2132.52,48.3,2
384,Tobu Zoo Park,1,Operating,24,5,2,2e3,4,0,121.3896,0,55.92339,4376.5872,48.3,2
385,Six Flags Fiesta Texas,3,Operating,39,5,5,1999,14,56,78.7392,4,60.272987,2706.66,48.3,2
386,Indiana Beach,3,Operating,44,5,0,2008,4,0,95.1432,3,40.389115,0,48,2
387,Gardaland,2,Operating,24,5,3,2003,3,0,55.7736,0,37.28226,2296.56,47.8,2
388,Europa Park,2,Operating,31,5,2,0,4,23,75.4584,0,43.49597,2742.7488,47.8,2
389,Mirabilandia,2,Operating,24,5,2,2012,17,0,164.04,0,68.35081,0,47.7,2
390,Bakken,2,Operating,1,5,2,1932,3,0,72.1776,0,46.602825,3238.1496,47.7,2
391,Djurs Sommerland,2,Operating,20,5,0,2002,0,5,0,0,0,0,47.7,2
392,Toverland,2,Operating,52,5,2,2004,14,71,49.212,0,46.602825,1968.48,47.4,2
393,Kings Island,3,Operating,37,9,2,1972,4,0,88.5816,0,60.894358,3412.032,47.4,2
394,Fun Spot America,3,Operating,52,5,2,0,1,23,65.616,0,34.175405,1295.916,47.3,2
395,Blackpool Pleasure Beach,2,Operating,31,5,2,1988,4,0,65.616,0,31.06855,1492.764,47.3,2
396,Cedar Point,3,Operating,2,3,2,1978,4,0,124.6704,0,59.651616,3936.96,47.3,2
397,Six Flags Great America,3,Operating,47,5,3,1976,11,86,68.8968,0,42.253228,3100.356,47.2,2
398,Bonbon-Land,2,Operating,20,5,2,2007,4,0,52.4928,0,34.175405,1302.4776,46.5,2
399,Dorney Park,3,Definitely closed,52,5,5,2012,4,83,131.232,3,49.70968,1017.048,46.3,1
400,PowerPark,2,Operating,52,5,5,2005,3,79,118.1088,3,47.224196,935.028,46.2,2
401,Worlds of Fun,3,Operating,20,5,2,2004,4,87,55.7736,0,31.06855,1345.128,46.2,2
402,Six Flags New England,3,Operating,15,9,2,1941,4,97,68.8968,0,0,2864.1384,46,2
403,Ferrari World,1,Operating,33,5,2,2010,14,0,0,0,0,3280.8,45.8,2
404,Bellewaerde,2,Operating,58,5,2,2013,1,0,49.212,0,31.06855,1640.4,45.8,2
405,Kennywood,3,Operating,39,5,2,2010,14,52,95.1432,3,49.70968,2099.712,45.7,2
406,Parc Saint Paul,2,Operating,36,5,2,2e3,1,0,49.212,0,43.49597,1082.664,45.7,2
407,Mt. Olympus Water & Theme Park,3,Operating,7,9,2,1997,4,97,88.5816,0,60.272987,2900.2272,45.6,2
408,Canada's Wonderland,3,Operating,2,5,5,1991,4,0,91.8624,0,55.302019,2559.024,45.4,2
409,Kings Dominion,3,Operating,37,9,2,1975,4,0,85.3008,0,55.92339,3369.3816,44.8,2
410,Busch Gardens Tampa,3,Operating,31,5,2,2016,17,0,68.8968,0,40.389115,2099.712,44.7,2
411,Six Flags Magic Mountain,3,Operating,47,5,2,1976,0,60,111.5472,1,55.302019,3457.9632,44.5,2
412,Kennywood,3,Operating,26,5,2,1927,4,0,72.1776,0,0,2250.6288,44.3,2
413,Blackpool Pleasure Beach,2,Operating,56,9,2,1923,4,0,59.0544,0,0,3300.4848,44.2,2
414,Six Flags St Louis,3,Operating,37,9,2,1976,4,97,111.5472,0,62.1371,3871.344,43.6,2
415,Parc Asterix,2,Operating,31,5,2,2001,4,0,101.7048,0,37.28226,2952.72,43.6,2
416,Efteling,2,Operating,21,5,2,1985,4,0,65.616,0,37.28226,1719.1392,43.6,2
417,Europa Park,2,Operating,31,5,2,1999,17,101,52.4928,0,34.796776,1256.5464,43.1,2
418,Greenland,1,Operating,50,5,5,1991,4,0,124.6704,0,0,2624.64,43,2
419,Bobbejaanland,2,Operating,20,5,5,2004,4,22,85.3008,4,49.70968,2198.136,42.9,2
420,Six Flags Magic Mountain,3,Operating,2,5,5,1988,4,0,59.0544,0,54.680648,2706.66,42.8,2
421,SeaWorld San Antonio,3,Operating,24,0,3,2017,16,0,62.3352,0,44.117341,2598.3936,42.7,2
422,Six Flags Great Adventure,3,Operating,4,5,5,2011,4,0,154.1976,5,63.379842,4156.7736,42.5,2
423,Parc du Petit Prince,2,Operating,58,5,2,0,1,23,0,0,0,0,42.3,2
424,Indiana Beach,3,Operating,7,9,2,1994,4,0,78.7392,0,50.952422,2890.3848,41.6,2
425,Wiener Prater,2,Operating,33,5,2,2013,0,102,36.0888,0,21.747985,984.24,41.5,2
426,Walibi Belgium,2,Operating,52,5,2,1992,4,68,45.9312,0,29.825808,2575.428,41.5,2
427,Blackpool Pleasure Beach,2,Operating,51,9,0,0,4,97,0,0,0,0,41.5,2
428,Efteling,2,Operating,52,5,2,1998,4,20,82.02,0,40.389115,3936.96,41.5,2
429,Parc des Combes,2,Operating,52,5,2,2011,1,82,65.616,0,37.28226,606.948,41.4,2
430,Heide Park,2,Operating,31,5,2,1994,4,0,88.5816,0,32.932663,3247.992,41.4,2
431,Ferrari World,1,Operating,33,5,2,2010,14,0,0,0,0,3280.8,41.3,2
432,Energylandia,2,Operating,52,5,2,2017,4,82,75.4584,0,37.28226,682.4064,41.3,2
433,Drayton Manor,2,Operating,52,5,2,2011,1,79,65.616,0,34.175405,590.544,41.1,2
434,Parque de Atracciones de Madrid,2,Operating,24,5,5,1999,4,0,98.424,3,49.70968,2624.64,41,2
435,Adventureland,3,Operating,7,5,2,1996,4,0,0,0,0,984.24,40.9,2
436,Bobbejaanland,2,Operating,52,5,2,1989,1,43,85.3008,0,31.06855,2362.176,40.9,2
437,California's Great America,3,Operating,4,5,5,1991,4,0,91.8624,2,39.767744,1919.268,40.9,2
438,Waldameer,3,Operating,33,5,2,2004,4,0,52.4928,0,37.28226,1391.0592,40.7,2
439,Blackpool Pleasure Beach,2,Operating,9,5,2,1935,4,0,62.3352,0,39.767744,3300.4848,40.6,2
440,Blackpool Pleasure Beach,2,Operating,2,5,2,1994,4,40,213.252,0,74.56452,5495.34,40.3,2
441,Bonbon-Land,2,Operating,20,5,2,2003,3,22,72.1776,1,44.738712,1404.1824,40.1,2
442,TusenFryd,2,Operating,31,6,2,2003,0,0,95.1432,0,47.224196,1099.068,40.1,2
443,Nagashima Spa Land,1,Operating,47,5,2,1982,3,65,82.02,1,47.845567,1942.2336,40.1,2
444,Six Flags Magic Mountain,3,Retracked,25,9,2,1978,4,74,124.6704,0,62.1371,4324.0944,40,4
445,Blackpool Pleasure Beach,2,Operating,9,9,3,1933,4,74,62.3352,0,37.28226,2296.56,39.9,2
446,Silver Dollar City,3,Operating,2,5,2,1993,4,68,82.02,0,47.845567,3021.6168,39.8,2
447,Six Flags New England,3,Operating,20,5,2,2005,4,88,55.7736,0,31.06855,1345.128,39.7,2
448,Europa Park,2,Operating,31,5,2,1984,0,15,19.6848,0,27.961695,866.1312,39.6,2
449,La Mer de Sable,2,Operating,31,5,2,2011,4,101,45.9312,0,27.961695,1213.896,39.5,2
450,Flamingo Land Theme Park and Zoo,2,Operating,52,5,5,2006,4,0,124.6704,4,54.680648,2201.4168,39.5,2
451,Legoland Deutschland,2,Operating,58,5,2,2002,1,0,52.4928,0,37.28226,2821.488,39.5,2
452,Kennywood,3,Operating,42,5,2,1999,4,91,42.6504,0,29.204437,1377.936,39.4,2
453,Foire,1,Operating,47,5,3,0,4,0,0,0,0,0,39.2,2
454,Kennywood,3,Operating,1,5,2,1924,4,0,95.1432,0,55.302019,2887.104,39.2,2
455,Silver Dollar City,3,Operating,51,5,2,1972,0,0,0,0,0,0,39.1,2
456,Skara Sommarland,2,Operating,44,5,3,2009,4,18,65.616,0,24.85484,1640.4,39.1,2
457,Europa Park,2,Operating,31,5,2,2005,4,100,98.424,0,49.70968,1279.512,39,2
458,Europa Park,2,Operating,31,5,2,1997,15,87,91.8624,0,49.70968,3215.184,38.6,2
459,Europa Park,2,Retracked,31,5,2,0,15,23,85.3008,0,37.28226,2877.2616,38.5,4
460,Mt. Olympus Water & Theme Park,3,Operating,7,5,0,1996,0,0,59.0544,0,0,0,38.4,2
461,Duinrell,2,Operating,20,5,5,2009,0,22,72.1776,2,0,1049.856,38.4,2
462,Six Flags Great America,3,Operating,31,5,2,2008,4,101,0,0,0,1213.896,38.4,2
463,Wiener Prater,2,Operating,52,5,2,1992,4,9,118.1088,3,47.224196,935.028,38.1,2
464,Skyline Park,2,Operating,47,5,2,0,4,23,49.212,0,31.06855,1837.248,38.1,2
465,Hersheypark,3,Operating,33,5,2,2015,4,0,0,0,40.389115,1400.9016,37.9,2
466,Pacific Park,3,Operating,35,5,2,1996,4,0,55.7736,0,34.796776,1299.1968,37.9,2
467,Gardaland,2,Operating,52,5,2,2008,4,68,45.9312,0,31.06855,3379.224,37.7,2
468,Port Aventura,2,Operating,7,9,2,1997,4,97,85.3008,0,45.981454,3126.6024,37.6,2
469,Drayton Manor,2,Operating,24,5,5,1994,4,0,118.1088,4,49.70968,1640.4,37.6,2
470,Six Flags America,3,Operating,26,5,2,1990,4,0,98.424,0,52.816535,3999.2952,37.6,2
471,Port Aventura,2,Operating,7,9,2,1997,4,97,85.3008,0,44.738712,3100.356,37.2,2
472,Dorney Park,3,Operating,37,9,2,1923,4,97,78.7392,0,39.767744,2772.276,37.2,2
473,Kings Dominion,3,Operating,37,5,2,1974,4,0,36.0888,0,34.796776,1384.4976,37.1,2
474,Canada's Wonderland,3,Operating,3,5,2,0,4,32,59.0544,0,0,1000.644,37,2
475,Kings Island,3,Operating,52,5,5,0,4,81,160.7592,3,50.331051,1013.7672,36.8,2
476,Dollywood,3,Operating,51,5,2,1978,0,0,0,0,0,0,36.6,2
477,Plopsa Coo,2,Operating,52,5,2,0,4,95,0,0,0,1870.056,36.6,2
478,Luna Park,3,Operating,51,9,2,1927,4,97,85.3008,0,60.272987,2851.0152,36.2,2
479,Thorpe Park,2,Operating,24,5,5,2002,4,72,98.424,10,44.738712,2788.68,36.2,2
480,Bobbejaanland,2,Operating,33,5,2,2011,4,0,55.7736,0,34.175405,1410.744,36,2
481,Parc des Combes,2,Operating,54,5,4,2007,3,0,0,0,0,1427.148,35.9,2
482,Plopsaland,2,Operating,31,5,2,2006,17,0,78.7392,0,42.253228,984.24,35.9,2
483,La Ronde,3,Definitely closed,24,5,5,1995,4,0,85.3008,1,47.845567,2575.428,35.7,1
484,Kings Island,3,Operating,2,5,2,1991,4,68,62.3352,0,34.796776,2962.5624,35.7,2
485,Walibi Rhône Alpes,2,Operating,52,5,2,1988,3,81,118.1088,3,47.224196,935.028,35.5,2
486,Six Flags Great Adventure,3,Operating,31,5,2,2008,4,101,0,0,0,1213.896,35.5,2
487,Kings Dominion,3,Operating,31,5,2,1988,0,5,60,0,35,0,35.4,2
488,Linnanmäki,2,Definitely closed,39,5,2,2001,4,0,78.7392,0,37.28226,1082.664,35.1,1
489,Flamingo Land Theme Park and Zoo,2,Operating,44,5,5,2009,4,19,98.424,2,0,0,34.9,2
490,Six flags Over Texas,3,Operating,55,5,2,1980,4,0,72.1776,0,52.816535,2673.852,34.6,2
491,Hersheypark,3,Operating,19,9,2,1996,4,97,88.5816,0,50.331051,3182.376,34.5,2
492,CineCittà World,2,Operating,31,0,3,0,0,0,0,0,0,0,34.5,2
493,Six flags Over Texas,3,Operating,24,5,2,1986,4,0,59.0544,0,31.689921,1489.4832,34.4,2
494,Carowinds,3,Operating,37,9,2,1975,4,97,0,0,0,1354.9704,34.1,2
495,Nigloland,2,Operating,31,5,2,1998,15,43,59.0544,0,37.28226,2624.64,34,2
496,Fort Fun Abenteuerland,2,Operating,52,5,2,1996,4,0,65.616,0,0,1345.128,33.5,2
497,Kings Dominion,3,Operating,51,9,2,1982,4,97,88.5816,0,0,3149.568,33.4,2
498,Walt Disney Studios,2,Operating,24,5,5,2010,14,39,82.02,0,0,269.0256,33.1,2
499,Walibi Holland,2,Definitely closed,52,9,2,2e3,4,74,104.9856,0,49.70968,3280.8,32.9,1
500,SeaWorld San Antonio,3,Operating,31,5,2,2007,4,0,98.424,0,49.70968,0,32.7,2
501,Movie Park Germany,2,Operating,52,5,2,2007,4,24,42.6504,0,0,964.5552,32.5,2
502,Kings Dominion,3,Operating,37,9,2,1975,4,0,85.3008,0,55.92339,3369.3816,32.3,2
503,Luna Park,3,Operating,57,5,0,2011,12,70,65.616,0,39.767744,1194.2112,32.3,2
504,Hersheypark,3,Definitely closed,48,5,2,2002,3,0,68.8968,0,20.505243,1299.1968,32.2,1
505,Belantis,2,Operating,20,5,5,2010,4,22,104.9856,5,52.816535,1837.248,32.1,2
506,Walibi Holland,2,Operating,52,5,5,2e3,4,81,114.828,3,46.602825,935.028,32,2
507,Nigloland,2,Relocated,38,5,5,2002,4,0,65.616,2,43.49597,1312.32,32,3
508,Alton Towers,2,Operating,31,5,5,1992,0,15,19.6848,0,22.369356,1000.644,31.8,2
509,Flamingo Land Theme Park and Zoo,2,Operating,52,5,2,2005,13,0,55.7736,0,52.195164,2109.5544,31.6,2
510,Steinwasen Park,2,Operating,31,1,2,1998,0,0,0,0,27.961695,0,31.4,2
511,Knott's Berry Farm,3,Operating,57,5,0,2008,12,70,42.6504,0,37.28226,1312.32,31.4,2
512,Wiener Prater,2,Operating,38,5,2,1997,4,0,68.8968,0,0,2559.024,31.2,2
513,Legoland Florida,3,Operating,32,5,2,2004,4,0,39.3696,0,32.311292,1364.8128,30.9,2
514,Bagatelle,2,Operating,49,5,2,1987,4,69,39.3696,0,37.28226,1312.32,30.9,2
515,Wiener Prater,2,Operating,51,9,3,1950,4,23,49.212,0,34.175405,1476.36,30.8,2
516,Waldameer,3,Operating,37,9,2,1951,4,97,36.0888,0,24.85484,1299.1968,30.8,2
517,Six Flags Over Georgia,3,Retracked,12,9,2,1990,4,97,95.1432,0,50.331051,2969.124,30.8,4
518,Cedar Point,3,Operating,2,5,5,1987,4,0,75.4584,0,39.767744,2821.488,30.8,2
519,Europa Park,2,Operating,31,5,2,1985,4,5,62.3352,0,31.06855,1597.7496,30.6,2
520,Tivoli Gardens,2,Operating,31,5,2,1985,11,36,0,0,37.28226,984.24,30.3,2
521,California's Great America,3,Operating,2,5,2,2001,4,101,0,0,0,1256.5464,30,2
522,Linnanmäki,2,Operating,58,5,2,2e3,1,0,22.9656,0,24.85484,1181.088,29.9,2
523,Fraispertuis City,2,Operating,49,5,2,0,4,23,39.3696,0,31.06855,1246.704,29.6,2
524,Parc du Bocasse,2,Operating,49,5,2,2004,4,0,0,0,0,0,29.4,2
525,Nigloland,2,Operating,31,5,2,1992,11,15,26.2464,0,22.369356,0,29.3,2
526,Six Flags America,3,Operating,4,5,5,2012,4,0,101.7048,2,55.302019,2900.2272,29.2,2
527,Skara Sommarland,2,Operating,33,0,2,2011,0,0,36.0888,0,22.369356,984.24,29.1,2
528,Bellewaerde,2,Operating,54,0,3,2017,3,0,82.02,0,24.85484,1607.592,29.1,2
529,Six Flags America,3,Operating,19,5,2,1998,4,0,88.5816,0,50.331051,3198.78,29,2
530,Bellewaerde,2,Operating,54,2,3,2017,0,0,82.02,0,24.85484,1607.592,29,2
531,Hansa Park,2,Operating,52,5,2,1993,4,0,52.4928,0,31.06855,1712.5776,28.8,2
532,Six Flags Over Georgia,3,Operating,37,9,2,1973,4,0,104.9856,0,57.166132,3451.4016,28.2,2
533,Knott's Berry Farm,3,Operating,58,5,2,1995,1,23,65.616,0,34.796776,2601.6744,28.2,2
534,Le Pal,2,Operating,49,5,2,2003,4,23,55.7736,0,34.175405,1640.4,28.1,2
535,California's Great America,3,Operating,27,5,2,1986,4,0,91.8624,0,55.302019,3251.2728,27.9,2
536,Kings Island,3,Operating,37,9,2,1972,4,97,0,0,0,1348.4088,27.8,2
537,Port Aventura,2,Operating,2,5,2,1995,4,68,55.7736,0,0,3307.0464,27.5,2
538,PowerPark,2,Operating,30,5,2,2003,4,0,52.4928,0,0,918.624,27.5,2
539,Toverland,2,Operating,52,5,2,2001,1,21,30,0,0,0,27.5,2
540,Energylandia,2,Operating,52,5,5,0,4,85,108.2664,5,49.70968,2260.4712,27.3,2
541,Drievliet Family Park,2,Operating,31,5,2,2005,11,15,36.0888,0,0,859.5696,27.3,2
542,Holiday Park,2,Operating,58,5,2,0,1,27,29.5272,0,24.85484,728.3376,27.3,2
543,Heide Park,2,Operating,31,5,2,1985,0,15,19.6848,0,27.961695,1213.896,27.2,2
544,Mirabilandia,2,Definitely closed,52,5,2,2001,1,49,42.6504,0,28.583066,1099.068,26.9,1
545,Rainbow MagicLand,2,Operating,33,5,2,2011,4,0,55.7736,0,36.039518,1410.744,26.9,2
546,Rainbow MagicLand,2,Operating,52,5,2,2011,4,68,45.9312,0,29.825808,2234.2248,26.8,2
547,Canada's Wonderland,3,Operating,52,5,5,0,1,23,49.212,0,26.097582,1122.0336,26.7,2
548,Legoland Billund,2,Operating,31,5,2,2002,4,101,52.4928,0,34.796776,1312.32,26.6,2
549,Avonturenpark Hellendoorn,2,Operating,52,5,2,1996,0,0,0,0,27.961695,1000.644,26.2,2
550,Cedar Point,3,Retracked,12,9,2,1991,4,97,160.7592,0,62.1371,5426.4432,26.2,4
551,Hong Kong Disneyland,1,Operating,24,5,5,2011,14,39,82.02,0,0,262.464,25.9,2
552,Universal Studios Hollywood,3,Operating,31,5,2,2016,0,104,0,0,0,984.24,25.7,2
553,Six flags Over Texas,3,Operating,39,5,2,1996,4,0,52.4928,0,39.767744,1496.0448,25.7,2
554,Six Flags Magic Mountain,3,Operating,2,5,2,1971,4,68,68.8968,0,34.796776,2591.832,25.6,2
555,Cedar Point,3,Definitely closed,24,5,2,1985,4,0,62.3352,0,39.767744,1932.3912,25.3,1
556,Worlds of Fun,3,Operating,12,9,2,1989,4,97,101.7048,0,52.816535,4232.232,24.9,2
557,Bobbejaanland,2,Operating,31,5,2,2e3,11,15,32.808,0,22.369356,1709.2968,24.8,2
558,Canada's Wonderland,3,Operating,37,9,2,1981,4,97,88.5816,0,55.92339,3828.6936,24.8,2
559,Walibi Holland,2,Definitely closed,31,5,2,2e3,4,101,45.9312,0,27.961695,1213.896,24.7,1
560,Hersheypark,3,Operating,2,5,2,1974,4,68,0,0,0,0,24.6,2
561,TusenFryd,2,Operating,52,5,2,2012,1,0,42.6504,0,28.583066,1099.068,24.6,2
562,Greenland,1,Operating,52,5,5,1994,4,0,0,0,0,0,24.6,2
563,Bagatelle,2,Operating,42,5,2,0,4,101,42.6504,0,29.204437,1377.936,24.6,2
564,Gardaland,2,Operating,52,5,5,1985,4,60,98.424,4,43.49597,2296.56,24.4,2
565,Europark,2,Operating,52,5,5,2004,4,60,98.424,4,40.389115,0,24.3,2
566,Nigloland,2,Relocated,47,5,2,1995,11,0,49.212,0,40.389115,1476.36,24.1,3
567,Freizeitpark Plohn,2,Operating,58,5,2,0,1,23,0,0,0,1640.4,24,2
568,Disneyland Park,2,Operating,24,5,5,1993,4,60,59.0544,1,36.039518,1856.9328,23.9,2
569,Legendia,2,Operating,49,5,5,2007,4,60,0,2,0,0,23.8,2
570,"New York, New York Hotel & Casino",3,Operating,50,5,5,1997,4,60,203.4096,2,67.108068,4776.8448,23.7,2
571,Parc Saint Paul,2,Operating,52,5,2,2014,1,0,36.0888,0,0,721.776,23.7,2
572,Parque de Atracciones de Madrid,2,Operating,31,5,2,2009,4,101,45.9312,0,27.961695,1213.896,23.6,2
573,Nigloland,2,Operating,31,5,2,2007,4,101,45.9312,0,27.961695,1213.896,23.2,2
574,Six Flags Magic Mountain,3,Temporarily closed,24,5,5,2011,4,105,108.2664,0,37.28226,826.7616,23.2,5
575,Bakken,2,Operating,58,5,0,1980,0,0,0,0,0,0,23,2
576,Blackpool Pleasure Beach,2,Operating,9,5,2,1934,4,0,0,0,0,2296.56,22.8,2
577,Kings Dominion,3,Retracked,37,9,2,1994,4,97,82.02,0,49.70968,3156.1296,22.6,4
578,Carowinds,3,Operating,52,5,5,2009,4,81,118.1088,3,47.224196,935.028,22.4,2
579,Adventureland,3,Operating,23,5,5,1991,4,65,88.5816,2,0,2250.6288,22.4,2
580,Efteling,2,Operating,52,5,5,1981,4,59,95.1432,4,46.602825,2460.6,22.2,2
581,Legoland Florida,3,Operating,52,5,2,2004,1,0,42.6504,0,28.583066,1099.068,22.2,2
582,Europark,2,Operating,31,5,2,2009,0,15,0,0,0,0,22.1,2
583,Canada's Wonderland,3,Operating,37,9,2,1981,4,97,42.6504,0,34.796776,1354.9704,22.1,2
584,La Ronde,3,Operating,55,9,2,1985,4,97,127.9512,0,59.651616,3996.0144,22,2
585,Hansa Park,2,Operating,33,5,2,1997,4,101,49.212,0,27.961695,1213.896,21.8,2
586,Jardin d'Acclimatation,2,Operating,49,5,2,1999,11,15,0,0,24.85484,0,21.7,2
587,Farup Sommerland,2,Operating,42,5,2,2001,4,0,42.6504,0,29.204437,1377.936,21.7,2
588,Legoland Billund,2,Operating,31,5,2,1997,11,15,0,0,0,0,21.6,2
589,Legoland Deutschland,2,Operating,31,5,2,2002,4,101,52.4928,0,34.796776,1312.32,21.6,2
590,Luna Park,3,Operating,57,5,5,2010,4,91,0,0,0,1378,21.5,2
591,Skyline Park,2,Operating,33,5,0,2013,0,0,0,0,0,0,21.2,2
592,Carowinds,3,Operating,7,5,2,1994,4,0,82.02,0,50.331051,3156.1296,20.9,2
593,Kings Dominion,3,Definitely closed,50,5,5,1986,4,92,95.1432,1,50.331051,2230.944,20.9,1
594,Plopsaland,2,Operating,31,5,2,2004,11,15,45.9312,0,22.369356,1476.36,20.6,2
595,Bakken,2,Operating,31,8,3,0,0,0,0,0,0,0,20.5,2
596,Jardin d'Acclimatation,2,Operating,42,5,2,0,4,101,19.6848,0,0,0,20.5,2
597,Chessington World of Adventures,2,Operating,33,5,2,1998,4,101,49.212,0,27.961695,1213.896,20.2,2
598,Carowinds,3,Operating,31,5,2,2002,4,101,45.9312,0,27.961695,1213.896,20.2,2
599,Six Flags Great Adventure,3,Operating,24,9,2,1996,1,97,39.3696,0,32.932663,0,20,2
600,PowerPark,2,Operating,18,8,2,2011,4,0,32.808,0,0,1377.936,19.9,2
601,Movie Park Germany,2,Operating,31,5,2,2e3,4,101,45.9312,0,27.961695,1213.896,19.9,2
602,Dennlys Parc,2,Operating,49,5,2,2003,4,0,0,0,0,0,19.8,2
603,Canada's Wonderland,3,Operating,31,5,2,1999,4,101,52.4928,0,34.796776,1312.32,19.8,2
604,Six Flags Magic Mountain,3,Operating,2,5,5,1990,4,60,187.0056,7,69.593552,3828.6936,19.7,2
605,Lake Compounce,3,Operating,10,5,2,1927,4,0,85.3008,0,47.845567,2746.0296,19.6,2
606,Indiana Beach,3,Operating,7,9,0,2002,4,0,36.0888,0,19.883872,1400.9016,19.6,2
607,Parc des Combes,2,Operating,52,5,2,2003,1,50,29.5272,0,21.747985,679.1256,19.5,2
608,Chessington World of Adventures,2,Operating,31,5,2,1987,0,15,19.6848,0,22.369356,803.796,19.4,2
609,Phantasialand,2,Operating,52,5,2,1988,4,44,26.2464,0,31.06855,4199.424,19.2,2
610,Tibidabo,2,Operating,57,5,2,0,11,15,0,0,0,0,18.8,2
611,Universal Studios Singapore,1,Operating,52,5,2,2010,4,49,0,0,0,1148.28,18.7,2
612,Canada's Wonderland,3,Operating,37,9,2,1981,4,97,82.02,0,55.92339,3149.568,18.7,2
613,Farup Sommerland,2,Operating,52,5,2,1992,1,0,42.6504,0,28.583066,1099.068,18.5,2
614,Cedar Point,3,Operating,52,5,2,1999,1,51,42.6504,0,28.583066,1099.068,18.5,2
615,Busch Gardens Tampa,3,Definitely closed,19,9,2,1999,4,97,88.5816,0,50.331051,3398.9088,18.4,1
616,Tivoli Friheden,2,Operating,45,5,5,2008,4,0,68.8968,3,40.389115,1312.32,18.4,2
617,Kings Dominion,3,Operating,31,5,2,2002,4,101,52.4928,0,34.796776,1312.32,18.3,2
618,Canada's Wonderland,3,Operating,31,5,2,1981,10,15,32.808,0,39.767744,1082.664,18.2,2
619,Kings Island,3,Operating,52,5,5,2001,4,0,49.212,0,26.097582,1122.0336,18,2
620,Carowinds,3,Operating,4,5,5,1992,4,0,88.5816,2,50.331051,2040.6576,17.9,2
621,Fraispertuis City,2,Relocated,49,5,2,1987,4,0,0,0,0,0,17.8,3
622,Parc Asterix,2,Operating,58,5,2,0,1,23,36.0888,0,26.097582,1345.128,17.6,2
623,Walibi Rhône Alpes,2,Operating,57,5,2,2002,4,101,0,0,0,721.776,17.4,2
624,Dorney Park,3,Operating,33,5,2,2e3,4,101,49.212,0,27.961695,1213.896,17.4,2
625,La Ronde,3,Operating,24,5,2,1994,1,0,0,0,0,0,17.4,2
626,Walygator Parc,2,Operating,52,5,5,0,4,60,78.7392,3,39.767744,0,17.4,2
627,Hersheypark,3,Operating,31,5,2,1999,4,101,45.9312,0,27.961695,1213.896,17.3,2
628,Plopsaland,2,Operating,52,5,2,1990,1,0,42.6504,0,27.961695,1099.068,17.3,2
629,Universal Studios Singapore,1,Operating,48,5,2,0,4,23,0,0,0,0,17.1,2
630,La Ronde,3,Operating,52,5,5,0,4,85,111.5472,5,49.70968,2260.4712,17,2
631,Avonturenpark Hellendoorn,2,Operating,58,5,2,2005,1,0,29.5272,0,24.233469,728.3376,17,2
632,Busch Gardens Tampa,3,Operating,31,5,2,2004,4,101,45.9312,0,27.961695,1213.896,17,2
633,Wiener Prater,2,Operating,20,5,2,0,17,43,32.808,0,24.85484,774.2688,17,2
634,Linnanmäki,2,Operating,31,5,2,2004,0,0,55.7736,0,36.039518,1102.3488,17,2
635,Adventure Island,2,Operating,58,5,2,1999,1,97,42,0,0,0,16.5,2
636,Movieland Park,2,Operating,47,5,2,2010,11,0,36.0888,0,0,1361.532,16.3,2
637,Linnanmäki,2,Operating,31,5,2,1990,11,15,22.9656,0,22.990727,961.2744,16.3,2
638,Alton Towers,2,Definitely closed,52,5,5,1980,4,10,75.4584,2,39.767744,2401.5456,15.9,1
639,Thorpe Park,2,Operating,52,5,2,1996,1,27,42.6504,0,27.961695,1312.32,15.9,2
640,Skyline Park,2,Operating,6,5,2,2001,17,0,0,0,0,0,15.9,2
641,Carowinds,3,Operating,2,3,2,1973,4,68,0,0,0,2398.2648,15.7,2
642,Gardaland,2,Operating,18,5,2,2016,4,0,45.9312,0,7.456452,0,15.6,2
643,Beech Bend,3,Operating,57,5,2,2005,4,101,42.6504,0,29.204437,1377.936,15.6,2
644,Canada's Wonderland,3,Operating,2,5,5,1981,4,60,78.7392,4,50.331051,2158.7664,15.5,2
645,Drayton Manor,2,Temporarily closed,33,5,2,2005,4,60,82.02,3,43.49597,1263.108,15.5,5
646,Great Escape,3,Operating,2,5,2,2003,4,68,55.7736,0,44.738712,2001.288,15.3,2
647,Bobbejaanland,2,Definitely closed,31,5,2,0,4,101,45.9312,0,27.961695,1213.896,14.9,1
648,Heide Park,2,Operating,52,5,5,1983,4,13,98.424,4,39.146373,2316.2448,14.9,2
649,Parc Saint Paul,2,Operating,57,5,2,2007,4,101,42.6504,0,33.554034,0,14.6,2
650,Six Flags Great America,3,Operating,2,5,5,1976,4,60,101.7048,4,50.331051,2129.2392,14.6,2
651,Cedar Point,3,Operating,2,3,2,1969,4,68,49.212,0,31.06855,2539.3392,14.6,2
652,Indiana Beach,3,Operating,47,0,2,1984,4,0,45.9312,0,31.06855,1765.0704,14.4,2
653,Kings Dominion,3,Operating,2,5,5,1991,4,60,144.3552,4,50.331051,2700.0984,14.2,2
654,Foire,1,Operating,49,5,2,1992,10,17,0,0,0,0,14.2,2
655,Adventureland,3,Operating,55,5,2,1978,4,0,91.8624,0,57.787503,2841.1728,14.1,2
656,Disneyland,3,Operating,52,5,2,1993,1,0,29.5272,0,21.747985,679.1256,14.1,2
657,Jardin d'Acclimatation,2,Operating,49,5,2,1987,4,0,16.404,0,0,656.16,13.9,2
658,Six Flags New England,3,Operating,33,5,2,2011,4,101,49.212,0,27.961695,1213.896,13.7,2
659,Busch Gardens Tampa,3,Definitely closed,19,9,2,1999,4,97,104.9856,0,49.70968,3510.456,13.7,1
660,Six Flags Great Adventure,3,Definitely closed,13,9,2,1979,4,97,95.1432,0,55.92339,3198.78,13.6,1
661,Skara Sommarland,2,Operating,31,1,2,1987,0,0,0,0,0,0,13.6,2
662,Drievliet Family Park,2,Operating,33,5,2,2001,1,0,0,0,0,0,13.3,2
663,Bellewaerde,2,Operating,52,5,5,1984,3,81,118.1088,3,47.224196,935.028,13,2
664,Legendia,2,Operating,51,5,2,0,4,106,0,0,0,0,13,2
665,Kings Island,3,Operating,2,5,5,1987,4,60,147.636,6,55.302019,3799.1664,12.8,2
666,Adventuredome,3,Operating,2,5,5,1993,4,60,95.1432,4,41.010486,2424.5112,12.8,2
667,Freizeitpark Plohn,2,Definitely closed,58,5,2,2e3,4,28,0,0,0,0,12.8,1
668,Cigoland,2,Operating,49,5,2,2002,0,68,22.9656,0,22.369356,0,12.7,2
669,Wiener Prater,2,Operating,42,5,2,0,4,101,42.6504,0,29.204437,1377.936,12.6,2
670,Tivoli Friheden,2,Operating,57,5,2,2006,4,101,42.6504,0,29.204437,1377.936,12.6,2
671,Six Flags Great Adventure,3,Operating,2,5,2,1974,4,68,0,0,37.903631,0,12.4,2
672,Magic Park Land,2,Operating,18,5,5,0,4,101,42.6504,0,29.204437,1377.936,12.3,2
673,Disney's Animal Kingdom,3,Operating,42,5,2,2002,4,14,42.6504,0,29.204437,1377.936,12.2,2
674,Bobbejaanland,2,Operating,31,5,2,0,4,101,45.9312,0,27.961695,1213.896,12,2
675,Mirabilandia,2,Operating,30,5,2,1998,4,101,49.212,0,21.747985,1181.088,11.9,2
676,Avonturenpark Hellendoorn,2,Operating,52,5,5,1990,4,60,82.02,2,43.49597,1509.168,11.9,2
677,Drievliet Family Park,2,Operating,33,5,2,1996,4,101,49.212,0,27.961695,1213.896,11.8,2
678,Didiland,2,Operating,49,5,2,2e3,4,50,0,0,0,0,11.7,2
679,Blackpool Pleasure Beach,2,Operating,52,5,5,2007,4,0,111.5472,5,49.70968,2260.4712,11.6,2
680,Disney's Animal Kingdom,3,Operating,42,5,2,0,4,101,42.6504,0,29.204437,1377.936,11.4,2
681,Gardaland,2,Temporarily closed,44,5,5,2005,0,78,98.424,0,0,0,11.4,5
682,Disney California Adventure,3,Operating,31,5,2,2001,4,101,0,0,27.340324,0,11.3,2
683,La Ronde,3,Operating,52,5,2,1981,4,60,75.4584,2,39.767744,2401.5456,11.1,2
684,Luna Park,3,Operating,57,5,1,2011,15,29,49.212,2,25.476211,1282.7928,10.9,2
685,Nagashima Spa Land,1,Operating,31,5,2,1996,4,101,45.9312,0,28,1213.896,10.7,2
686,Foire,1,Operating,42,5,0,0,0,0,0,0,0,0,10.7,2
687,Fun Spot Kissimmee,3,Operating,57,0,3,2011,0,0,42.6504,0,29.204437,1377.936,10.5,2
688,Universal Studios Singapore,1,Operating,57,5,3,0,15,23,55.7736,0,0,1400.9016,10.4,2
689,Six Flags St Louis,3,Operating,2,5,2,1971,4,68,42.6504,0,37.28226,2499.9696,10.3,2
690,Flamingo Land Theme Park and Zoo,2,Definitely closed,33,5,2,1997,4,101,49.212,0,27.961695,1213.896,10.3,1
691,Wiener Prater,2,Operating,33,5,2,1997,4,101,49.212,0,27.961695,1213.896,10.3,2
692,La Ronde,3,Operating,57,5,2,2003,4,101,42.6504,0,11.184678,885.816,10.1,2
693,Parc Asterix,2,Operating,52,5,5,0,4,60,121.3896,7,46.602825,3116.76,10,2
694,Bobbejaanland,2,Operating,52,5,5,1987,4,0,82.02,0,27.961695,1968.48,10,2
695,Carowinds,3,Operating,52,5,5,0,1,23,49.212,0,26.097582,1122.0336,9.6,2
696,Knott's Berry Farm,3,Definitely closed,52,5,5,1990,3,9,118.1088,3,47.224196,935.028,9.5,1
697,Six flags Over Texas,3,Operating,2,5,2,1966,4,68,36.0888,0,0,2398.2648,9.4,2
698,South Pier,2,Operating,42,0,2,2018,0,0,0,0,0,0,9.2,2
699,Knott's Berry Farm,3,Operating,31,5,2,2013,4,101,52.4928,0,35,1345.128,9.1,2
700,Papea Parc,2,Operating,49,5,2,1995,4,23,0,0,0,0,8.8,2
701,Foire,1,Operating,42,5,2,1996,4,0,42.6504,0,31.06855,1377.936,8.8,2
702,Efteling,2,Definitely closed,12,9,2,1991,4,97,49.212,0,34.175405,1614.1536,8.6,1
703,Movie Park Germany,2,Operating,41,9,2,1999,4,97,91.8624,0,49.70968,3605.5992,8.2,2
704,Tivoli Friheden,2,Operating,38,5,2,1986,4,60,36.0888,1,0,1197.492,8,2
705,Walibi Belgium,2,Operating,52,5,5,2001,3,9,118.1088,3,47.224196,935.028,7.9,2
706,Drayton Manor,2,Operating,57,5,2,1987,0,15,0,0,0,0,7.9,2
707,Brighton pier,2,Operating,38,5,5,0,4,60,36.0888,1,0,1197.492,7.8,2
708,Hersheypark,3,Operating,52,5,2,1991,3,79,118.1088,3,47.224196,935.028,7.6,2
709,Holiday Park,2,Definitely closed,33,5,2,2010,4,101,49.212,0,27.961695,1213.896,7.1,1
710,Six Flags Over Georgia,3,Operating,2,5,2,1967,4,68,36.0888,0,29.204437,2322.8064,7,2
711,Walygator Parc,2,Operating,55,9,2,1989,4,74,114.828,0,52.816535,3936.96,6.9,2
712,Great Escape,3,Operating,52,5,5,1997,3,79,118.1088,3,47.224196,935.028,6.8,2
713,Dennlys Parc,2,Operating,40,5,2,2010,4,0,32.808,0,31.06855,1509.168,6.8,2
714,Canada's Wonderland,3,Operating,52,5,5,1987,3,81,118.1088,3,47.224196,935.028,6.7,2
715,Walibi Belgium,2,Operating,52,5,5,1999,4,94,108.2664,5,49.70968,2260.4712,6.5,2
716,Cedar Point,3,Operating,2,5,5,1976,4,60,75.4584,3,43.49597,2017.692,6.5,2
717,Legendia,2,Operating,51,5,2,0,4,106,0,0,0,0,6.4,2
718,Carowinds,3,Operating,2,5,5,1980,4,60,65.616,4,41.010486,2099.712,6.3,2
719,Thorpe Park,2,Operating,31,5,2,1983,0,15,19.6848,0,18.64113,767.7072,6.3,2
720,Holiday Park,2,Definitely closed,52,5,5,1979,4,10,75.4584,2,39.767744,2401.5456,6.3,1
721,Beech Bend,3,Operating,46,5,2,2016,1,0,0,0,0,0,6.1,2
722,Mirabilandia,2,Operating,31,5,2,1992,0,15,13.1232,0,22.369356,820.2,5.9,2
723,Lake Compounce,3,Operating,52,5,5,1997,3,79,114.828,3,46.602825,935.028,5.8,2
724,Gardaland,2,Operating,52,5,5,1998,4,94,108.2664,5,49.70968,2509.812,5.7,2
725,TusenFryd,2,Operating,52,5,5,1988,4,59,61,2,40,0,5.7,2
726,Didiland,2,Definitely closed,46,5,5,2010,4,0,36.0888,0,26.718953,1017.048,5.5,1
727,Le Fleury,2,Operating,38,5,3,2016,4,107,55.7736,0,0,0,5.3,2
728,Six Flags Over Georgia,3,Operating,52,5,5,1992,4,60,121.3896,5,52.195164,2742.7488,5.1,2
729,Six Flags St Louis,3,Operating,52,5,5,1989,4,60,108.2664,4,54.680648,2431.0728,5,2
730,Foire,1,Operating,49,5,5,1995,4,0,91.8624,0,55.92339,2362.176,5,2
731,Great Escape,3,Operating,2,5,5,1984,4,60,68.8968,3,43.49597,1601.0304,5,2
732,Six Flags New England,3,Operating,52,5,5,1997,4,85,111.5472,5,49.70968,2260.4712,4.9,2
733,Kentucky Kingdom,3,Operating,52,5,5,1995,4,94,101.7048,5,49.70968,2171.8896,4.2,2
734,Mirabilandia,2,Operating,40,5,2,2011,4,23,36.0888,0,0,1410.744,4.1,2
735,Six Flags St Louis,3,Operating,52,5,5,2013,4,7,118.1088,3,46.602825,875.9736,4,2
736,Movie Park Germany,2,Operating,52,5,5,2001,4,94,108.2664,5,49.70968,2260.4712,3.8,2
737,Särkänniemi Amusement Park,2,Operating,57,5,1,2005,11,0,49.212,2,25.476211,1282.7928,3.7,2
738,Six Flags America,3,Operating,52,5,5,1995,4,85,108.2664,5,49.70968,2260.4712,3.2,2
739,Six Flags Discovery Kingdom,3,Operating,52,5,5,1998,4,81,118.1088,3,47.224196,935.028,3.1,2
740,Worlds of Fun,3,Operating,52,5,5,2e3,3,79,118.1088,3,47.224196,935.028,3,2
741,Schloss Beck Freizeitpark,2,Operating,58,7,3,0,0,0,0,0,0,0,3,2
742,Parque Warner Madrid,2,Operating,41,9,2,2002,4,97,118.1088,0,55.92339,4573.4352,3,2
743,Six Flags New England,3,Operating,52,5,5,2e3,4,81,118.1088,3,46.602825,875.9736,2.7,2
744,Heide Park,2,Operating,52,5,5,1999,4,94,108.2664,5,49.70968,2260.4712,2.7,2
745,La Ronde,3,Operating,52,5,5,1984,3,81,118.1088,3,47.224196,935.028,2.7,2
746,California's Great America,3,Operating,2,5,5,1976,4,60,101.7048,4,50.331051,2129.2392,2.6,2
747,Canada's Wonderland,3,Operating,52,5,5,0,4,85,108.2664,5,49.70968,3244.7112,2.2,2
748,Hansa Park,2,Definitely closed,47,5,2,1989,10,15,32.808,0,0,0,1.8,1
749,Canada's Wonderland,3,Operating,57,5,1,2004,11,31,49.212,2,25.476211,1282.7928,1.4,2
750,Parc Saint Paul,2,Definitely closed,49,5,5,2003,11,60,0,1,0,0,1.3,1
751,Six Flags Discovery Kingdom,3,Operating,52,5,5,1998,4,85,111.5472,5,49.70968,2260.4712,0.6,2
752,Energylandia,2,Operating,46,5,5,0,4,101,42.6504,0,0,1049.856,0.6,2
753,Walibi Holland,2,Operating,52,5,5,1994,4,94,101.7048,5,49.70968,2171.8896,0.5,2
754,Wiener Prater,2,Operating,57,5,1,2004,15,31,68.8968,2,31.06855,1436.9904,0.3,2
