name,park,country,status,designer,construction,restraint,opening_year,launch,type,height,inversions,speed,length,score
509,21,19,1,41,4,3,2018.0,3,73,206.6904,4.0,73.943149,5741.4,100.0
186,20,19,1,3,7,3,2015.0,3,37,324.7992,0.0,95.069763,6600.9696,99.5
338,21,19,1,23,7,6,2007.0,13,76,104.9856,2.0,70.214923,4448.7648,99.2
587,71,19,1,41,4,3,2018.0,3,59,111.5472,3.0,54.059277,3359.5392,99.1
134,129,19,1,23,11,3,2006.0,2,97,180.444,0.0,70.214923,4399.5528,98.9
633,76,16,1,41,11,3,2016.0,3,99,187.0056,3.0,70.214923,4265.04,98.8
130,52,9,1,43,7,6,2006.0,3,73,249.3408,2.0,78.292746,3782.7624,98.8
313,34,19,1,41,11,3,2016.0,13,73,164.04,0.0,73.321778,3799.1664,98.8
585,131,19,1,41,4,3,2015.0,3,73,121.3896,2.0,57.166132,4986.816,98.8
461,114,15,1,3,7,3,2012.0,3,39,249.3408,0.0,83.263714,5131.1712,98.2
246,40,13,1,23,7,3,2018.0,3,40,252.6216,1.0,86.99194,4757.16,98.2
535,111,7,1,23,7,3,2016.0,13,73,98.424,0.0,72.700407,4330.656,98.1
623,132,19,1,41,4,3,2015.0,3,73,108.2664,3.0,55.302019,3320.1696,98.0
142,63,7,1,23,7,3,2001.0,2,65,173.8824,0.0,74.56452,4002.576,97.9
235,88,16,1,30,7,3,2014.0,13,63,134.5128,7.0,62.1371,4530.7848,97.8
638,128,19,1,41,7,3,2018.0,3,62,114.828,3.0,52.195164,1804.44,97.5
512,70,19,1,41,7,3,2016.0,3,73,101.7048,3.0,52.195164,2742.7488,97.3
383,125,19,1,41,4,3,2013.0,3,73,164.04,2.0,68.35081,0,97.1
586,133,19,1,41,4,3,2018.0,3,73,101.7048,3.0,50.331051,2401.5456,97.0
573,21,19,1,23,7,3,2003.0,12,77,419.9424,0.0,119.303232,2798.5224,96.9
308,82,13,1,51,7,8,2017.0,3,59,131.232,0.0,59.030245,2978.9664,96.8
208,130,19,1,41,11,3,2014.0,3,97,180.444,2.0,71.457665,3116.76,96.7
263,128,19,1,41,4,3,2013.0,3,73,180.444,1.0,70.214923,3267.6768,96.5
644,131,19,1,2,7,6,2002.0,3,73,173.8824,6.0,75.807262,3608.88,96.1
650,91,8,1,23,7,6,2009.0,13,76,180.444,3.0,74.56452,3280.8,95.9
281,91,8,1,3,7,6,2000.0,3,73,164.04,6.0,64.622584,3936.96,95.8
259,71,19,1,23,7,6,2010.0,2,36,305.1144,0.0,90.098795,5101.644,95.8
170,155,9,1,3,7,2,2016.0,3,73,124.6704,5.0,0,3687.6192,95.8
168,46,17,1,23,7,3,2016.0,2,73,206.6904,1.0,74.56452,4921.2,95.4
390,74,19,1,36,11,3,1985.0,3,74,78.7392,0.0,44.738712,3198.78,95.3
567,125,19,1,30,7,3,2018.0,13,56,98.424,3.0,49.70968,3018.336,95.2
345,21,19,1,23,7,3,2000.0,2,36,308.3952,0.0,93.20565,6594.408,95.2
329,121,19,1,3,7,3,2016.0,3,40,200.1288,0.0,71.457665,4757.16,94.9
221,17,19,1,3,7,6,2007.0,3,11,203.4096,2.0,74.56452,3116.76,94.6
208,159,11,1,23,7,3,2002.0,2,65,154.1976,0.0,65.865326,3982.8912,94.5
269,127,19,1,41,4,3,2016.0,3,73,101.7048,3.0,52.816535,3198.78,94.3
24,88,16,1,23,11,3,2003.0,3,97,118.1088,0.0,55.92339,3510.456,94.3
314,70,19,1,7,7,3,2014.0,3,73,101.7048,0.0,55.92339,2509.812,94.0
365,3,18,1,3,7,6,0,3,95,42.6504,4.0,50.331051,2349.0528,93.9
453,60,7,1,19,7,3,2015.0,3,46,239.4984,1.0,78.914117,4051.788,93.6
384,103,6,1,3,7,6,2012.0,3,73,131.232,5.0,56.544761,3280.8,93.6
208,133,19,1,3,7,3,2006.0,3,39,200.1288,0.0,69.593552,4478.292,93.4
370,135,19,1,41,4,3,2011.0,3,73,154.1976,0.0,65.243955,4199.424,93.2
151,149,11,1,3,7,8,2018.0,3,73,131.232,3.0,59.030245,2667.2904,92.8
523,132,19,1,23,7,3,2000.0,3,65,206.6904,0.0,77.050004,5400.1968,92.8
355,16,19,1,3,7,6,1996.0,3,73,150.9168,7.0,59.651616,3982.8912,92.7
462,16,19,1,3,7,6,2005.0,3,11,200.1288,1.0,70.214923,3188.9376,92.5
645,75,19,1,23,7,3,2002.0,12,76,203.4096,0.0,82.020972,2201.4168,92.4
480,62,19,1,23,7,6,2012.0,2,65,196.848,0.0,74.56452,3608.88,92.4
581,124,3,1,51,7,6,2016.0,13,73,78.7392,0.0,59.030245,3182.376,92.3
3,20,19,1,3,7,6,1999.0,3,73,111.5472,6.0,62.1371,2952.72,92.2
536,131,19,1,3,7,2,2006.0,3,73,170.6016,4.0,62.1371,3599.0376,92.1
526,108,15,1,3,7,6,2002.0,3,73,164.04,7.0,65.243955,3936.96,92.0
286,129,19,1,23,7,6,2005.0,12,77,456.0312,0.0,128.002426,3116.76,91.9
374,129,19,1,3,7,3,2001.0,3,39,229.656,0.0,79.535488,5393.6352,91.6
555,64,19,1,3,7,6,2015.0,13,73,141.0744,4.0,62.1371,3034.74,91.1
332,121,19,1,3,7,2,2009.0,3,73,141.0744,4.0,60.272987,3359.5392,90.9
282,145,9,1,23,7,7,2008.0,2,66,104.9856,0.0,54.059277,2460.6,90.8
392,33,4,1,23,7,3,2008.0,3,66,104.9856,0.0,55.92339,2477.004,90.8
192,21,19,1,3,7,2,2013.0,3,73,170.6016,6.0,67.108068,4163.3352,90.5
49,111,7,1,3,7,6,2006.0,3,73,85.3008,4.0,49.70968,0,90.3
108,52,9,1,43,7,3,2001.0,8,1,170.6016,0.0,106.875812,3900.8712,90.2
542,162,6,1,3,7,6,2010.0,3,73,137.7936,6.0,57.166132,3936.96,90.1
8,97,6,1,30,7,3,0,3,65,98.424,0.0,62.1371,2624.64,89.9
6,17,19,1,3,7,6,1997.0,3,73,196.848,6.0,67.108068,0,89.9
582,149,11,1,18,11,3,2007.0,3,97,114.828,0.0,0,3280.8,89.5
422,157,19,1,21,4,3,2008.0,3,97,78.7392,0.0,56.544761,2900.2272,89.2
248,12,18,1,30,7,3,2018.0,13,59,88.5816,1.0,49.70968,3749.9544,89.1
35,156,14,1,51,7,6,2010.0,10,73,137.7936,0.0,55.92339,0,89.0
501,141,18,1,23,7,6,2006.0,12,76,206.6904,0.0,83.885085,1312.32,88.9
524,128,19,1,3,7,6,2000.0,3,73,167.3208,6.0,70.214923,4025.5416,88.6
39,19,2,1,3,7,3,2008.0,3,39,229.656,0.0,77.050004,5318.1768,88.5
636,41,7,1,18,11,3,2012.0,3,97,114.828,0.0,62.1371,3444.84,88.5
423,45,15,1,23,7,3,2017.0,13,77,367.4496,0.0,114.953635,2887.104,88.3
16,17,19,1,3,7,3,1999.0,3,39,170.6016,0.0,73.321778,4881.8304,88.0
183,131,19,1,38,7,3,2013.0,13,54,157.4784,2.0,69.593552,2198.136,88.0
513,62,19,1,23,7,6,2004.0,12,76,183.7248,3.0,74.56452,2644.3248,88.0
363,72,19,1,18,11,3,2017.0,3,97,108.2664,0.0,52.816535,3264.396,87.8
277,115,5,1,19,5,3,2015.0,13,73,131.232,3.0,64.622584,2821.488,87.4
425,152,19,1,38,7,3,2004.0,13,53,45.9312,0.0,40.389115,2198.136,87.4
533,35,19,1,3,7,6,2001.0,3,73,134.5128,4.0,57.787503,3116.76,87.3
358,135,19,1,38,7,3,1998.0,13,80,216.5328,1.0,70.214923,1299.1968,87.1
80,61,7,4,23,11,3,2001.0,3,74,167.3208,0.0,68.35081,4921.2,86.9
73,16,19,1,23,7,6,2011.0,13,76,101.7048,1.0,60.272987,4429.08,86.8
232,152,19,1,23,7,3,2014.0,13,10,0,0.0,0,0,86.8
359,134,19,1,38,7,3,1998.0,13,73,216.5328,1.0,70.214923,1299.1968,86.8
103,72,19,1,3,7,3,2009.0,3,39,229.656,0.0,80.156859,5282.088,86.3
190,3,18,1,3,7,2,2002.0,3,73,65.616,3.0,46.602825,2755.872,86.2
164,60,7,1,19,7,6,2009.0,6,21,131.232,1.0,62.1371,0,86.1
208,78,2,1,3,7,3,2006.0,3,39,173.8824,0.0,68.35081,4038.6648,85.8
51,41,7,1,30,7,3,2009.0,13,59,124.6704,4.0,62.1371,3464.5248,85.7
38,72,19,1,9,11,3,1979.0,3,73,111.5472,0.0,64.622584,7358.8344,85.7
386,164,19,1,3,7,6,2006.0,3,73,150.9168,4.0,59.651616,3080.6712,85.5
251,154,19,1,3,7,6,0,16,59,108.2664,7.0,66.486697,3697.4616,85.5
293,16,19,1,3,7,6,1993.0,3,59,141.0744,7.0,59.651616,3969.768,85.4
27,39,11,1,3,7,6,2015.0,3,11,124.6704,2.0,55.92339,1640.4,85.3
340,127,19,1,3,7,6,2000.0,3,73,150.9168,7.0,65.243955,3936.96,85.2
252,27,19,1,23,7,6,2001.0,13,59,108.2664,1.0,54.680648,6069.48,85.2
349,54,19,1,21,11,3,2017.0,3,73,82.02,1.0,48.466938,2289.9984,84.9
323,159,11,1,30,7,3,2016.0,3,3,104.9856,2.0,54.059277,2230.944,84.9
514,108,15,1,51,7,6,2002.0,2,72,190.2864,3.0,65.865326,1204.0536,84.7
376,56,8,1,3,7,6,2015.0,3,11,141.0744,2.0,62.1371,1856.9328,84.6
399,125,19,1,43,7,3,0,5,1,98.424,0.0,62.1371,3503.8944,84.3
418,56,8,1,3,7,6,2011.0,3,73,108.2664,3.0,55.92339,2526.216,84.2
633,125,19,1,3,7,6,0,3,59,121.3896,5.0,65.865326,3074.1096,84.2
603,17,19,1,57,7,3,2012.0,13,51,0,0.0,52.816535,2834.6112,84.1
227,100,3,1,3,7,6,0,3,59,114.828,4.0,55.92339,2788.68,84.1
141,29,19,1,51,7,3,2006.0,3,34,111.5472,0.0,49.70968,4399.5528,84.0
500,92,7,1,30,7,3,2017.0,13,59,147.636,3.0,55.92339,2362.176,83.9
425,156,14,1,38,7,6,2010.0,13,44,45.0,0.0,44.738712,2198.136,83.9
352,2,19,1,19,7,3,2016.0,3,46,134.5128,5.0,65.243955,2499.9696,83.8
134,51,7,1,18,11,3,2009.0,3,97,91.8624,0.0,46.602825,2460.6,83.8
379,48,10,1,46,7,6,1989.0,0,59,124.6704,5.0,49.70968,4101.0,83.5
291,121,19,1,3,7,6,2000.0,3,73,150.9168,7.0,65.243955,4176.4584,83.5
280,150,7,1,19,7,3,2013.0,13,46,104.9856,0.0,62.1371,2296.56,83.5
375,3,18,1,3,7,6,1998.0,3,11,65.616,0.0,68.35081,1220.4576,83.2
615,71,19,4,23,7,6,1998.0,13,73,154.1976,4.0,69.593552,2755.872,83.2
258,20,19,1,3,7,3,2010.0,14,39,232.9368,0.0,74.56452,5314.896,83.2
43,65,3,1,51,7,3,2012.0,6,67,0,0.0,34.796776,3608.88,83.0
545,141,18,1,3,7,6,2012.0,3,73,127.9512,4.0,0,2542.62,82.8
178,40,13,1,51,7,6,0,13,59,82.02,3.0,49.088309,1837.248,82.7
175,46,17,1,23,7,3,2010.0,12,51,170.6016,0.0,149.12904,6561.6,82.7
418,21,19,1,3,7,6,1994.0,3,73,137.7936,6.0,57.166132,3789.324,82.5
471,41,7,1,3,7,3,0,3,40,239.4984,0.0,78.914117,5314.896,82.4
62,79,19,1,5,11,3,2000.0,3,74,114.828,0.0,60.272987,4724.352,82.4
310,19,2,1,3,7,3,2012.0,3,37,305.1144,0.0,91.962908,5485.4976,82.0
119,114,15,1,3,7,6,1995.0,3,59,147.636,8.0,65.243955,4166.616,81.9
204,4,11,1,19,7,3,2017.0,13,46,108.2664,2.0,55.92339,1312.32,81.9
647,81,6,1,23,7,3,2018.0,16,24,39.3696,0.0,52.816535,3280.8,81.6
239,155,9,1,3,7,3,2007.0,3,65,144.3552,0.0,55.92339,3936.96,81.5
165,61,7,1,3,7,2,2014.0,3,73,164.04,5.0,62.1371,2532.7776,81.5
271,39,11,1,18,11,3,2010.0,3,97,72.1776,0.0,46.602825,2585.2704,81.4
115,154,19,0,3,7,6,1999.0,3,73,124.6704,5.0,60.272987,3198.78,81.4
160,18,19,1,3,7,3,1993.0,3,73,101.7048,3.0,50.331051,2260.4712,81.4
544,3,18,1,19,7,3,2013.0,3,46,98.424,14.0,52.816535,3838.536,81.3
626,34,19,1,3,7,6,2012.0,3,73,209.9712,4.0,60.894358,3126.6024,81.1
272,39,11,1,18,11,3,2010.0,3,97,72.1776,0.0,46.602825,2585.2704,80.3
463,117,8,1,32,7,3,2011.0,13,59,114.828,1.0,62.1371,2460.6,80.3
520,126,19,1,23,7,3,2000.0,3,65,196.848,0.0,72.700407,5347.704,80.2
564,160,6,1,21,11,3,2016.0,3,97,55.7736,0.0,40.389115,1463.2368,79.2
317,88,16,1,46,7,3,1987.0,3,95,147.636,0.0,49.70968,5078.6784,79.0
468,75,19,1,3,7,6,2004.0,3,73,147.636,6.0,55.302019,3126.6024,79.0
14,113,1,1,19,7,6,0,13,59,111.5472,3.0,55.92339,1968.48,78.9
216,62,19,1,3,7,6,1998.0,3,73,88.5816,4.0,57.787503,2798.5224,78.9
446,144,4,1,29,11,3,0,2,74,42.6504,0.0,31.06855,2362.176,78.4
230,75,19,1,19,7,3,0,3,61,150.9168,4.0,57.166132,2198.136,78.4
553,148,9,1,23,7,3,2003.0,2,39,262.464,0.0,80.77823,3510.456,78.3
254,24,8,1,23,7,4,0,14,25,65.616,0.0,0,1499.3256,78.3
109,71,19,1,3,7,6,2008.0,3,73,157.4784,5.0,65.243955,4209.2664,78.1
145,62,19,1,23,7,3,2008.0,3,59,121.3896,6.0,57.787503,2700.0984,78.1
546,64,19,1,21,11,3,2006.0,3,97,160.7592,0.0,67.108068,6440.2104,77.8
639,104,6,1,21,4,3,2018.0,3,98,49.212,0.0,37.903631,1571.5032,77.6
116,154,19,0,3,7,6,1999.0,3,73,124.6704,5.0,55.302019,3198.78,77.4
10,24,8,1,23,6,4,2014.0,14,73,108.2664,0.0,52.816535,2870.7,77.3
406,158,1,1,30,7,3,0,13,80,147.636,0.0,62.1371,711.9336,77.2
290,61,7,1,3,7,6,2011.0,3,11,134.5128,1.0,0,1561.6608,77.0
30,108,15,1,3,7,6,2002.0,3,2,104.9856,5.0,49.70968,2700.0984,76.9
521,129,19,1,3,7,2,2003.0,3,73,104.9856,2.0,50.952422,2759.1528,76.7
26,72,19,1,3,7,6,2014.0,3,73,167.3208,7.0,68.35081,4133.808,76.5
127,144,4,1,3,7,6,0,3,59,91.8624,3.0,47.845567,1850.3712,76.3
48,129,19,1,3,7,6,1999.0,3,73,141.0744,7.0,60.894358,3982.8912,76.1
588,59,16,1,21,11,3,2011.0,3,97,49.212,0.0,37.903631,1574.784,76.1
342,99,18,1,5,11,3,1996.0,3,97,85.3008,0.0,47.845567,2956.0008,76.0
627,12,18,0,50,11,5,1958.0,3,101,0,0.0,0,1279.512,76.0
476,63,7,1,38,7,3,2014.0,13,64,150.9168,1.0,62.1371,853.008,75.5
555,115,5,1,18,11,3,2006.0,3,97,88.5816,0.0,46.602825,2788.68,75.3
640,116,19,1,21,11,3,2011.0,3,97,36.0888,0.0,34.796776,1240.1424,75.0
325,44,4,1,19,7,6,2008.0,12,59,65.616,2.0,49.70968,1771.632,75.0
642,130,19,1,3,7,2,2012.0,3,73,121.3896,5.0,55.92339,3001.932,75.0
521,130,19,1,3,7,2,2003.0,3,73,104.9856,2.0,50.952422,2798.5224,74.9
574,140,5,1,23,7,6,2001.0,3,73,82.02,5.0,46.602825,2296.56,74.6
539,34,19,1,2,7,6,1999.0,3,59,164.04,3.0,62.758471,2683.6944,74.5
621,53,19,1,18,11,3,2013.0,3,74,75.4584,0.0,46.602825,1968.48,74.4
389,69,19,1,2,7,3,1991.0,3,39,229.656,0.0,82.020972,3198.78,74.3
387,103,6,1,19,7,3,2017.0,4,73,68.8968,0.0,32.311292,3044.5824,74.2
233,113,1,1,18,11,3,2017.0,3,75,72.1776,0.0,43.49597,2034.096,74.2
635,111,7,1,32,7,3,2002.0,17,73,55.7736,0.0,37.28226,1345.128,74.1
426,153,19,1,38,6,3,2004.0,13,73,45.9312,0.0,39.767744,1906.1448,74.1
525,127,19,1,38,7,3,2012.0,13,73,147.636,1.0,59.651616,0,73.7
199,75,19,1,18,11,3,1998.0,3,97,118.1088,0.0,55.92339,4534.0656,73.4
79,111,7,1,51,7,3,1996.0,0,67,85.3008,0.0,31.06855,4199.424,73.3
0,109,15,1,32,7,3,2006.0,3,103,150.9168,2.0,65.243955,1476.36,73.3
366,141,18,1,3,7,6,2003.0,3,73,95.1432,4.0,47.845567,2460.6,73.2
46,32,6,1,51,7,3,1992.0,3,68,72.1776,0.0,37.28226,4921.2,73.2
244,35,19,1,3,7,6,0,3,59,95.1432,7.0,52.816535,3198.78,73.0
182,52,9,1,49,7,3,1996.0,3,41,259.1832,0.0,80.77823,6709.236,72.9
46,147,9,1,51,7,3,1987.0,3,67,0,0.0,37.28226,0,72.4
507,35,19,1,34,7,3,1997.0,3,39,200.1288,0.0,74.56452,5597.0448,72.3
432,3,18,1,23,7,6,2005.0,12,76,68.8968,0.0,60.894358,2122.6776,71.9
548,3,18,1,18,11,3,2018.0,3,97,72.1776,0.0,44.117341,2027.5344,71.8
361,142,15,1,51,7,3,2008.0,3,73,82.02,0.0,49.70968,2427.792,71.8
415,130,19,1,3,7,3,1999.0,3,39,203.4096,0.0,73.321778,5058.9936,71.7
624,21,19,1,23,7,6,2002.0,13,80,206.6904,0.0,72.079036,0,71.5
598,21,19,1,3,7,8,0,3,11,223.0944,3.0,74.56452,3444.84,71.5
125,149,11,1,30,7,3,2012.0,3,73,65.616,0.0,43.49597,1515.7296,71.3
100,61,7,1,23,7,3,2007.0,12,76,62.3352,0.0,62.1371,2132.52,71.3
634,111,7,1,32,7,3,2002.0,17,73,55.7736,0.0,41.010486,1525.572,71.3
12,134,19,1,18,11,3,2008.0,3,73,82.02,0.0,47.845567,2713.2216,71.2
592,87,5,1,32,7,6,2011.0,3,103,150.9168,2.0,65.243955,492.12,70.9
278,33,4,1,23,7,6,2013.0,16,24,39.3696,0.0,52.816535,3280.8,70.8
559,34,19,1,18,11,3,2004.0,3,97,101.7048,0.0,55.302019,3231.588,70.7
206,18,19,1,18,11,3,2013.0,3,97,108.2664,0.0,54.059277,3198.78,70.6
201,118,19,1,50,7,3,1924.0,3,73,68.8968,0.0,55.302019,2641.044,70.3
32,129,19,1,3,7,6,1993.0,3,73,104.9856,5.0,50.331051,2693.5368,70.1
483,155,9,1,30,7,3,2010.0,14,73,62.3352,0.0,0,1919.268,69.7
347,133,19,1,46,7,6,1978.0,3,59,82.02,2.0,50.331051,3254.5536,69.6
56,68,19,1,21,11,3,2007.0,3,97,95.1432,0.0,50.952422,3234.8688,69.4
351,7,4,1,23,7,3,1997.0,0,67,62.3352,0.0,40.389115,0,69.1
34,128,19,1,43,7,6,2015.0,3,32,118.1088,0.0,37.903631,1017.048,69.1
32,133,19,1,3,7,6,1997.0,3,73,104.9856,5.0,50.331051,2700.0984,69.0
604,127,19,1,23,7,6,2001.0,13,80,150.9168,1.0,65.243955,629.9136,68.8
121,22,18,1,32,7,3,2004.0,3,73,59.0544,0.0,0,1771.632,68.7
484,31,19,1,15,7,3,2005.0,3,42,75.4584,0.0,32.311292,3451.4016,68.6
489,151,12,1,23,7,6,2006.0,12,76,131.232,3.0,55.92339,2263.752,68.4
537,17,19,1,38,7,3,2015.0,13,54,150.9168,1.0,62.1371,862.8504,68.3
430,131,19,1,3,7,6,1998.0,3,73,154.1976,6.0,65.243955,4370.0256,68.2
534,109,15,1,32,7,3,2005.0,3,73,72.1776,0.0,42.253228,2066.904,68.2
549,3,18,1,23,7,3,0,1,31,65.616,0.0,40.389115,2480.2848,68.0
37,126,19,1,51,7,2,2001.0,3,73,114.828,5.0,50.331051,3339.8544,68.0
604,130,19,1,23,7,6,2001.0,13,80,183.7248,0.0,70.214923,629.9136,67.9
269,130,19,1,43,7,6,2017.0,3,32,121.3896,0.0,37.903631,1017.048,67.7
157,72,19,0,51,7,2,2007.0,3,29,114.828,0.0,50.331051,3339.8544,67.6
459,124,3,1,51,7,3,0,3,22,45.9312,0.0,31.06855,1909.4256,67.5
505,95,9,1,34,7,3,2000.0,3,36,318.2376,0.0,95.069763,8133.1032,67.5
506,122,19,1,34,7,3,1999.0,3,65,150.9168,0.0,65.243955,3700.7424,67.4
380,44,4,1,51,6,6,2013.0,0,73,62.3352,0.0,46.602825,1486.2024,67.4
32,130,19,1,3,7,6,1992.0,3,73,101.7048,5.0,50.331051,2700.0984,67.0
240,152,19,1,32,7,3,2009.0,3,103,167.3208,0.0,65.243955,0,66.8
287,87,5,1,23,7,6,2007.0,3,105,85.3008,0.0,37.28226,465.8736,66.7
630,100,3,1,56,7,3,1999.0,14,67,68.8968,0.0,46.602825,2329.368,66.7
312,62,19,1,18,11,3,2000.0,3,97,88.5816,0.0,50.952422,3398.9088,66.7
600,92,7,1,19,7,3,2011.0,3,42,26.2464,0.0,22.369356,1312.32,66.6
163,110,18,1,51,6,4,0,14,73,65.616,0.0,0,1295.916,66.3
478,137,7,1,32,7,3,2004.0,3,103,150.9168,2.0,65.243955,492.12,66.2
47,30,19,1,2,7,3,1980.0,3,67,0,0.0,36.039518,2778.8376,66.2
599,78,2,1,3,7,6,2002.0,3,73,104.9856,5.0,50.331051,2700.0984,66.2
270,126,19,1,38,7,3,1999.0,13,55,78.7392,4.0,59.651616,2703.3792,66.0
208,131,19,1,20,7,3,2000.0,3,41,232.9368,0.0,85.127827,4494.696,65.8
311,62,19,1,18,11,3,2000.0,3,97,88.5816,0.0,50.952422,3398.9088,65.7
267,59,16,1,46,7,3,1988.0,3,33,104.9856,0.0,55.92339,2624.64,65.7
269,129,19,1,43,7,6,2016.0,3,32,121.3896,0.0,37.903631,1020.3288,65.7
551,4,11,2,46,7,3,1979.0,3,59,78.7392,1.0,46.602825,1942.2336,65.6
405,158,1,1,46,7,3,1982.0,13,85,137.7936,1.0,52.816535,853.008,65.5
328,21,19,1,2,7,3,1989.0,3,39,206.6904,0.0,72.079036,5104.9248,65.5
156,34,19,1,19,7,3,2014.0,7,57,0,0.0,34.796776,2427.792,65.4
47,31,19,1,52,7,3,1979.0,3,67,0,0.0,27.961695,2670.5712,65.4
237,48,10,1,16,7,3,1992.0,3,73,59.0544,0.0,31.06855,2493.408,65.3
522,131,19,1,23,7,3,1997.0,13,80,413.3808,0.0,99.41936,1233.5808,65.3
593,86,18,1,4,7,3,1991.0,3,67,157.4784,0.0,49.70968,7440.8544,65.2
332,123,19,1,30,7,3,2012.0,13,51,29.5272,0.0,43.49597,2788.68,65.0
31,132,19,1,3,7,6,2002.0,3,73,118.1088,5.0,55.302019,2601.6744,64.9
269,135,19,1,43,7,6,2017.0,3,32,118.1088,0.0,37.903631,1017.048,64.6
540,134,19,1,5,11,3,2000.0,3,97,150.9168,0.0,65.865326,5052.432,64.5
32,134,19,1,3,7,6,1995.0,3,73,104.9856,5.0,50.331051,2693.5368,64.3
354,75,19,1,46,7,3,1978.0,12,81,147.636,1.0,55.302019,800.5152,64.2
486,30,19,1,2,7,3,1975.0,3,73,88.5816,0.0,27.340324,3195.4992,64.0
104,39,11,1,27,7,3,2007.0,3,73,75.4584,0.0,0,1377.936,64.0
485,30,19,1,2,7,3,1975.0,3,73,88.5816,0.0,27.340324,3195.4992,64.0
569,135,19,1,20,7,3,2001.0,3,39,246.06,0.0,85.127827,5311.6152,63.9
362,34,19,1,19,7,6,2007.0,3,21,114.828,2.0,45.981454,1811.0016,63.8
120,40,13,1,51,7,3,0,0,22,65.616,0.0,46.602825,1486.2024,63.8
588,74,19,1,36,11,3,1999.0,3,97,101.7048,0.0,51.573793,3900.8712,63.7
33,131,19,1,3,7,6,1994.0,3,73,104.9856,5.0,49.70968,2700.0984,63.3
456,131,19,1,3,7,6,0,3,59,150.9168,7.0,62.758471,3986.172,63.1
437,28,19,1,51,7,6,1999.0,13,59,78.7392,3.0,59.651616,3369.3816,63.0
306,81,6,1,30,7,3,2011.0,3,73,72.1776,0.0,43.49597,1541.976,63.0
161,71,19,1,38,7,3,1996.0,13,45,75.4584,4.0,54.059277,2706.66,62.9
217,122,19,1,3,7,6,1997.0,3,73,108.2664,5.0,50.331051,2562.3048,62.3
574,7,4,1,23,7,3,2009.0,3,73,32.808,0.0,0,984.24,62.3
264,55,19,1,19,7,3,2012.0,3,21,101.7048,1.0,52.195164,1246.704,62.2
443,21,19,1,3,7,6,1996.0,3,73,144.3552,4.0,60.272987,3897.5904,62.1
197,133,19,1,3,7,6,1999.0,3,73,108.2664,2.0,54.059277,2998.6512,62.0
532,52,9,1,19,7,6,2011.0,13,21,141.0744,7.0,62.1371,3280.8,61.9
28,72,19,1,2,7,6,1993.0,3,73,78.7392,0.0,50.952422,2349.0528,61.8
541,64,19,1,5,11,3,2000.0,3,97,114.828,0.0,57.787503,4041.9456,61.8
180,8,7,1,32,7,3,2011.0,13,76,78.7392,3.0,49.70968,1509.168,61.8
464,135,19,1,46,7,3,1978.0,3,59,114.828,2.0,59.651616,3599.0376,61.5
173,120,7,1,57,7,3,2010.0,3,73,72.1776,0.0,52.816535,1738.824,61.4
398,35,19,1,23,7,6,2008.0,13,80,180.444,0.0,70.214923,705.372,61.3
331,150,7,1,10,11,3,2008.0,3,97,98.424,0.0,55.92339,2821.488,61.3
611,130,19,1,36,11,3,1995.0,3,97,101.7048,0.0,50.331051,3457.9632,61.1
459,30,19,1,51,7,3,2014.0,3,67,0,0.0,0,0,61.1
447,87,5,1,32,7,3,2008.0,3,73,55.7736,0.0,37.28226,1377.936,60.8
488,99,18,1,19,7,6,2006.0,3,21,114.828,2.0,59.030245,2001.288,60.8
7,48,10,1,46,7,3,1983.0,16,59,88.5816,0.0,49.70968,2985.528,60.7
521,133,19,1,3,7,2,2002.0,3,73,104.9856,2.0,50.952422,2755.872,60.7
394,83,4,1,57,7,3,0,3,31,0,0.0,0,0,60.6
595,58,9,1,49,7,6,1994.0,2,73,98.424,3.0,43.49597,1181.088,60.4
228,140,5,1,23,7,3,2003.0,13,80,98.424,0.0,43.49597,229.656,60.1
403,164,19,1,18,11,3,2009.0,3,97,101.7048,0.0,50.952422,3074.1096,60.0
449,141,18,1,19,7,6,2009.0,3,21,101.7048,3.0,55.302019,2362.176,59.9
188,150,7,1,19,7,3,1998.0,3,4,52.4928,0.0,31.06855,1574.784,59.7
256,59,16,1,23,7,6,2009.0,10,0,118.1088,0.0,37.28226,820.2,59.7
346,43,18,1,51,7,6,1999.0,3,59,150.9168,3.0,59.651616,0,59.6
274,121,19,1,30,7,3,1998.0,3,100,0,0.0,0,0,59.5
565,50,6,1,43,7,6,2011.0,3,18,98.424,2.0,41.010486,1377.936,59.5
208,128,19,1,3,7,6,2008.0,3,73,104.9856,5.0,49.70968,2700.0984,59.5
372,20,19,1,51,7,2,2004.0,3,73,114.828,5.0,50.952422,2765.7144,59.4
177,37,11,1,32,7,3,2007.0,13,103,49.212,2.0,43.49597,984.24,59.0
528,165,19,1,21,11,3,2015.0,3,80,65.616,0.0,41.010486,1197.492,58.9
91,161,6,1,32,7,3,0,3,42,52.4928,0.0,37.903631,1391.0592,58.5
563,158,1,1,19,7,3,2018.0,3,5,65.616,0.0,34.175405,1640.4,58.3
93,94,19,1,5,7,3,1995.0,3,73,68.8968,0.0,57.787503,1899.5832,58.2
176,104,6,1,35,7,3,2005.0,3,101,49.212,0.0,0,1246.704,58.2
194,21,19,1,2,4,3,1978.0,3,73,124.6704,0.0,59.651616,3936.96,58.0
67,41,7,1,30,7,3,0,15,22,85.3008,0.0,37.28226,3024.8976,57.8
606,112,1,1,19,7,3,2011.0,3,73,55.7736,0.0,34.175405,1312.32,57.4
33,135,19,1,3,7,6,1999.0,3,73,104.9856,5.0,50.331051,2700.0984,57.3
436,161,6,1,51,7,6,0,13,60,78.7392,3.0,57.166132,3402.1896,56.9
419,86,18,1,46,7,3,1987.0,3,73,49.212,0.0,40.389115,1837.248,56.8
279,88,16,0,23,7,6,2005.0,12,76,78.7392,2.0,46.602825,1443.552,56.7
283,9,19,1,18,11,3,2006.0,3,97,88.5816,0.0,47.845567,2828.0496,56.5
208,132,19,1,51,7,6,2012.0,2,72,190.2864,3.0,65.865326,1204.0536,56.5
609,59,16,1,19,7,3,2003.0,3,4,68.8968,0.0,34.175405,1410.744,56.2
118,38,11,1,19,7,3,2012.0,3,73,49.212,0.0,0,1181.088,55.9
247,65,3,1,51,7,3,2005.0,14,73,101.7048,0.0,0,3451.4016,55.6
368,60,7,1,46,7,3,1979.0,3,59,85.3008,1.0,49.088309,2431.0728,55.5
77,110,18,1,19,7,3,2006.0,3,4,55.7736,0.0,31.06855,1476.36,55.2
11,130,19,1,23,11,3,1981.0,3,97,124.6704,0.0,65.865326,4648.8936,55.2
84,66,19,1,5,11,0,2001.0,2,73,55.7736,0.0,44.738712,2099.712,55.0
467,75,19,1,30,7,3,2007.0,3,89,62.3352,0.0,37.28226,1410.744,55.0
618,87,5,1,50,11,3,1951.0,3,97,75.4584,0.0,37.28226,3149.568,55.0
18,41,7,1,30,7,3,0,9,15,45.9312,0.0,19.262501,1656.804,54.8
36,156,14,1,51,7,6,2010.0,10,59,0,0.0,0,0,54.6
112,10,7,1,19,7,3,2003.0,3,4,59.0544,0.0,43.49597,1640.4,54.5
479,19,2,0,49,7,6,1985.0,3,73,88.5816,1.0,50.952422,2207.9784,54.5
557,151,12,1,51,11,3,2001.0,3,97,104.9856,0.0,57.787503,3116.76,54.3
269,132,19,1,43,7,6,2017.0,3,32,121.3896,0.0,37.903631,1017.048,54.1
594,95,9,1,49,7,6,0,3,73,95.1432,3.0,44.117341,1377.936,54.0
417,111,7,1,51,7,3,2016.0,0,7,82.02,0.0,38.525002,688.968,53.9
341,163,0,1,51,7,3,1994.0,3,96,62.3352,0.0,43.49597,1804.44,53.9
385,135,19,1,19,7,3,2008.0,3,73,52.4928,0.0,31.06855,1351.6896,53.4
185,114,15,1,23,7,6,2007.0,12,73,45.9312,1.0,83.885085,2952.72,53.3
414,0,18,1,19,7,6,2007.0,3,21,72.1776,3.0,43.49597,1184.3688,53.1
605,158,1,0,13,7,3,2007.0,17,93,180.444,0.0,37.28226,2368.7376,53.0
15,131,19,4,18,11,3,2009.0,3,97,101.7048,0.0,55.302019,2851.0152,52.8
318,17,19,1,2,7,6,1978.0,3,59,127.9512,2.0,59.651616,3238.1496,52.7
356,140,5,1,56,7,3,2010.0,16,73,0,0.0,42.253228,0,52.7
382,2,19,1,5,11,3,1993.0,3,97,65.616,0.0,47.845567,2798.5224,52.6
207,98,6,1,19,7,3,2012.0,0,80,0,0.0,0,0,52.6
147,44,4,1,43,7,3,2004.0,3,73,65.616,0.0,46.602825,2040.6576,52.5
23,72,19,1,38,7,3,2005.0,13,52,45.0,0.0,39.767744,0,52.4
601,110,18,1,51,1,4,0,14,73,656.16,0.0,0,65.616,52.3
336,31,19,1,2,7,4,1959.0,3,4,78.7392,0.0,26.718953,2037.3768,52.2
82,62,19,1,36,7,3,1946.0,3,73,85.3008,0.0,50.331051,3359.5392,52.1
250,74,19,1,57,7,3,2015.0,3,73,98.424,4.0,55.302019,1975.0416,52.0
245,32,6,1,51,7,6,1995.0,12,60,101.7048,3.0,43.49597,3280.8,52.0
552,70,19,1,11,11,3,1990.0,3,97,88.5816,0.0,52.816535,2851.0152,51.9
579,6,6,1,51,7,6,2012.0,3,47,131.232,3.0,49.70968,1017.048,51.6
465,95,9,1,46,7,3,1980.0,11,81,134.5128,1.0,52.816535,853.008,51.5
530,109,15,1,19,7,3,2012.0,3,67,55.7736,0.0,0,1476.36,51.3
22,19,2,1,38,7,3,2005.0,13,22,45.9312,0.0,39.767744,1958.6376,51.3
22,71,19,1,38,7,3,2006.0,13,73,45.9312,0.0,39.767744,1958.6376,51.2
260,17,19,1,18,4,3,2017.0,14,97,75.4584,0.0,47.845567,0,51.1
543,64,19,1,5,11,3,1995.0,3,97,108.2664,0.0,47.845567,2729.6256,51.1
416,146,9,1,23,7,6,2005.0,3,59,52.4928,1.0,37.28226,1968.48,51.0
385,128,19,1,19,7,3,2007.0,3,90,52.4928,0.0,31.06855,1351.6896,51.0
95,133,19,1,19,7,3,2011.0,3,21,95.1432,3.0,52.195164,2099.712,50.9
85,108,15,1,30,7,3,2009.0,0,104,52.4928,0.0,37.28226,1574.784,50.8
572,103,6,1,5,11,3,1997.0,3,97,98.424,0.0,52.195164,4045.2264,50.8
161,72,19,1,38,7,3,1996.0,13,55,75.4584,4.0,54.059277,2706.66,50.8
330,164,19,1,34,7,3,1998.0,3,39,206.6904,0.0,74.56452,5577.36,50.5
599,22,18,1,2,7,6,1990.0,3,73,55.7736,0.0,45.981454,2349.0528,50.4
597,118,19,1,32,7,3,2013.0,3,73,49.212,0.0,39.767744,1410.744,50.4
54,21,19,1,36,11,3,1964.0,3,74,78.7392,0.0,39.767744,2559.024,50.2
494,3,18,1,32,7,3,2004.0,3,73,55.7736,0.0,37.28226,1476.36,50.2
490,67,6,1,19,0,3,2018.0,3,73,36.0888,0.0,0,1312.32,50.2
472,33,4,1,30,7,3,2011.0,3,73,91.8624,0.0,43.49597,1492.764,49.9
234,73,7,1,19,7,7,2004.0,3,4,55.7736,0.0,34.175405,1745.3856,49.8
295,59,16,1,51,7,3,0,0,22,65.616,0.0,34.175405,1312.32,49.7
482,62,19,1,46,7,3,1977.0,3,59,0,1.0,0,0,49.7
488,40,13,1,23,7,4,2018.0,17,73,164.04,0.0,68.35081,0,49.6
385,134,19,1,19,7,3,2007.0,3,73,52.4928,0.0,31.06855,1351.6896,49.5
265,69,19,1,0,7,3,1921.0,3,73,68.8968,0.0,44.738712,2132.52,49.2
454,16,19,1,46,7,3,1981.0,3,59,65.616,1.0,49.70968,1811.0016,49.1
388,41,7,1,30,7,3,2006.0,0,97,49.212,0.0,40.389115,1312.32,49.1
646,159,11,1,51,7,6,2000.0,13,73,85.3008,3.0,55.92339,3267.6768,48.9
102,93,8,1,51,7,6,0,3,47,131.232,3.0,49.70968,1017.048,48.7
324,158,1,1,51,11,3,2001.0,3,97,91.8624,0.0,49.70968,3395.628,48.7
82,57,19,1,36,7,3,1994.0,3,73,95.1432,0.0,55.302019,4196.1432,48.6
427,12,18,1,2,7,6,1979.0,14,80,55.7736,1.0,44.738712,633.1944,48.3
191,58,9,1,33,6,0,1998.0,3,73,131.232,0.0,60.894358,5459.2512,48.3
337,31,19,1,2,7,7,1959.0,3,4,78.7392,0.0,26.718953,2132.52,48.3
424,145,9,1,23,7,3,2000.0,3,73,121.3896,0.0,55.92339,4376.5872,48.3
395,128,19,1,38,7,6,1999.0,13,55,78.7392,4.0,60.272987,2706.66,48.3
508,66,19,1,43,7,7,2008.0,3,73,95.1432,3.0,40.389115,0,48.0
181,56,8,1,23,7,4,2003.0,2,73,55.7736,0.0,37.28226,2296.56,47.8
397,41,7,1,30,7,3,0,3,22,75.4584,0.0,43.49597,2742.7488,47.8
106,91,8,1,23,7,3,2012.0,17,73,164.04,0.0,68.35081,0,47.7
446,7,4,1,0,7,3,1932.0,2,73,72.1776,0.0,46.602825,3238.1496,47.7
550,33,4,1,19,7,7,2002.0,14,4,0,0.0,0,0,47.7
61,149,11,1,51,7,3,2004.0,13,70,49.212,0.0,46.602825,1968.48,47.4
410,72,19,1,36,11,3,1972.0,3,73,88.5816,0.0,60.894358,3412.032,47.4
179,53,19,1,51,7,3,0,0,22,65.616,0.0,34.175405,1295.916,47.3
20,12,18,1,30,7,3,1988.0,3,73,65.616,0.0,31.06855,1492.764,47.3
195,21,19,1,2,4,3,1978.0,3,73,124.6704,0.0,59.651616,3936.96,47.3
622,130,19,1,46,7,4,1976.0,10,86,68.8968,0.0,42.253228,3100.356,47.2
231,14,4,1,19,7,3,2007.0,3,73,52.4928,0.0,34.175405,1302.4776,46.5
511,35,19,0,51,7,6,2012.0,3,84,131.232,3.0,49.70968,1017.048,46.3
77,115,5,1,51,7,6,2005.0,2,80,118.1088,3.0,47.224196,935.028,46.2
496,164,19,1,19,7,3,2004.0,3,87,55.7736,0.0,31.06855,1345.128,46.2
556,132,19,1,14,11,3,1941.0,3,97,68.8968,0.0,0,2864.1384,46.0
153,46,17,1,32,7,3,2010.0,13,73,0,0.0,0,3280.8,45.8
242,11,1,1,57,7,3,2013.0,0,73,49.212,0.0,31.06855,1640.4,45.8
475,69,19,1,38,7,3,2010.0,13,51,95.1432,3.0,49.70968,2099.712,45.7
629,104,6,1,35,7,3,2000.0,0,73,49.212,0.0,43.49597,1082.664,45.7
648,94,19,1,5,11,3,1997.0,3,97,88.5816,0.0,60.272987,2900.2272,45.6
617,19,2,1,2,7,6,1991.0,3,73,91.8624,0.0,55.302019,2559.024,45.4
411,71,19,1,36,11,3,1975.0,3,73,85.3008,0.0,55.92339,3369.3816,44.8
78,16,19,1,30,7,3,2016.0,17,73,68.8968,0.0,40.389115,2099.712,44.7
369,131,19,1,46,7,3,1976.0,14,59,111.5472,1.0,55.302019,3457.9632,44.5
410,69,19,1,25,7,3,1927.0,3,73,72.1776,0.0,0,2250.6288,44.3
42,12,18,1,55,11,3,1923.0,3,73,59.0544,0.0,0,3300.4848,44.2
457,134,19,1,36,11,3,1976.0,3,97,111.5472,0.0,62.1371,3871.344,43.6
299,103,6,1,30,7,3,2001.0,3,73,101.7048,0.0,37.28226,2952.72,43.6
58,39,11,1,20,7,3,1985.0,3,73,65.616,0.0,37.28226,1719.1392,43.6
335,41,7,1,30,7,3,1999.0,17,101,52.4928,0.0,34.796776,1256.5464,43.1
344,58,9,1,49,7,6,1991.0,3,73,124.6704,0.0,0,2624.64,43.0
591,13,1,1,19,7,6,2004.0,3,21,85.3008,4.0,49.70968,2198.136,42.9
373,131,19,1,2,7,6,1988.0,3,73,59.0544,0.0,54.680648,2706.66,42.8
619,122,19,1,23,6,4,2017.0,16,73,62.3352,0.0,44.117341,2598.3936,42.7
218,129,19,1,3,7,6,2011.0,3,73,154.1976,5.0,63.379842,4156.7736,42.5
303,107,6,1,57,7,3,0,0,22,0,0.0,0,0,42.3
241,66,19,1,5,11,3,1994.0,3,73,78.7392,0.0,50.952422,2890.3848,41.6
257,163,0,1,32,7,3,2013.0,14,102,36.0888,0.0,21.747985,984.24,41.5
66,158,1,1,51,7,3,1992.0,3,67,45.9312,0.0,29.825808,2575.428,41.5
214,12,18,1,50,11,7,0,3,97,0,0.0,0,0,41.5
613,39,11,1,51,7,3,1998.0,3,19,82.02,0.0,40.389115,3936.96,41.5
59,105,6,1,51,7,3,2011.0,0,83,65.616,0.0,37.28226,606.948,41.4
452,61,7,1,30,7,3,1994.0,3,73,88.5816,0.0,32.932663,3247.992,41.4
154,46,17,1,32,7,3,2010.0,13,73,0,0.0,0,3280.8,41.3
59,40,13,1,51,7,3,2017.0,3,83,75.4584,0.0,37.28226,682.4064,41.3
40,36,18,1,51,7,3,2011.0,0,80,65.616,0.0,34.175405,590.544,41.1
574,109,15,1,23,7,6,1999.0,3,73,98.424,3.0,49.70968,2624.64,41.0
596,2,19,1,5,7,3,1996.0,3,73,0,0.0,0,984.24,40.9
357,13,1,1,51,7,3,1989.0,0,42,85.3008,0.0,31.06855,2362.176,40.9
386,18,19,1,3,7,6,1991.0,3,73,91.8624,2.0,39.767744,1919.268,40.9
504,157,19,1,32,7,3,2004.0,3,73,52.4928,0.0,37.28226,1391.0592,40.7
213,12,18,1,8,7,3,1935.0,3,73,62.3352,0.0,39.767744,3300.4848,40.6
45,12,18,1,2,7,3,1994.0,3,39,213.252,0.0,74.56452,5495.34,40.3
608,14,4,1,19,7,3,2003.0,2,21,72.1776,1.0,44.738712,1404.1824,40.1
527,151,12,1,30,8,3,2003.0,14,73,95.1432,0.0,47.224196,1099.068,40.1
321,95,9,1,46,7,3,1982.0,2,64,82.02,1.0,47.845567,1942.2336,40.1
81,131,19,3,24,11,3,1978.0,3,74,124.6704,0.0,62.1371,4324.0944,40.0
371,12,18,1,8,11,4,1933.0,3,74,62.3352,0.0,37.28226,2296.56,39.9
554,125,19,1,2,7,3,1993.0,3,67,82.02,0.0,47.845567,3021.6168,39.8
385,132,19,1,19,7,3,2005.0,3,88,55.7736,0.0,31.06855,1345.128,39.7
5,41,7,1,30,7,3,1984.0,14,14,19.6848,0.0,27.961695,866.1312,39.6
562,77,6,1,30,7,3,2011.0,3,101,45.9312,0.0,27.961695,1213.896,39.5
292,47,18,1,51,7,6,2006.0,3,73,124.6704,4.0,54.680648,2201.4168,39.5
152,84,7,1,57,7,3,2002.0,0,73,52.4928,0.0,37.28226,2821.488,39.5
144,69,19,1,42,7,3,1999.0,3,91,42.6504,0.0,29.204437,1377.936,39.4
517,48,10,1,46,7,4,0,3,73,0,0.0,0,0,39.2
556,69,19,1,0,7,3,1924.0,3,73,95.1432,0.0,55.302019,2887.104,39.2
155,125,19,1,50,7,3,1972.0,14,73,0,0.0,0,0,39.1
578,136,16,1,43,7,4,2009.0,3,17,65.616,0.0,24.85484,1640.4,39.1
19,41,7,1,30,7,3,2005.0,3,100,98.424,0.0,49.70968,1279.512,39.0
138,41,7,1,30,7,3,1997.0,15,87,91.8624,0.0,49.70968,3215.184,38.6
140,41,7,3,30,7,3,0,15,22,85.3008,0.0,37.28226,2877.2616,38.5
388,94,19,1,5,7,7,1996.0,14,73,59.0544,0.0,0,0,38.4
146,38,11,1,19,7,6,2009.0,14,21,72.1776,2.0,0,1049.856,38.4
96,130,19,1,30,7,3,2008.0,3,101,0,0.0,0,1213.896,38.4
59,163,0,1,51,7,3,1992.0,3,8,118.1088,3.0,47.224196,935.028,38.1
1,137,7,1,46,7,3,0,3,22,49.212,0.0,31.06855,1837.248,38.1
301,62,19,1,32,7,3,2015.0,3,73,0,0.0,40.389115,1400.9016,37.9
620,101,19,1,34,7,3,1996.0,3,73,55.7736,0.0,34.796776,1299.1968,37.9
331,56,8,1,51,7,3,2008.0,3,67,45.9312,0.0,31.06855,3379.224,37.7
498,114,15,1,5,11,3,1997.0,3,97,85.3008,0.0,45.981454,3126.6024,37.6
464,36,18,1,23,7,6,1994.0,3,73,118.1088,4.0,49.70968,1640.4,37.6
628,126,19,1,25,7,3,1990.0,3,73,98.424,0.0,52.816535,3999.2952,37.6
499,114,15,1,5,11,3,1997.0,3,97,85.3008,0.0,44.738712,3100.356,37.2
558,35,19,1,36,11,3,1923.0,3,97,78.7392,0.0,39.767744,2772.276,37.2
641,71,19,1,36,7,3,1974.0,3,73,36.0888,0.0,34.796776,1384.4976,37.1
637,19,2,1,1,7,3,0,3,31,59.0544,0.0,0,1000.644,37.0
261,72,19,1,51,7,6,0,3,82,160.7592,3.0,50.331051,1013.7672,36.8
50,34,19,1,50,7,3,1978.0,14,73,0,0.0,0,0,36.6
229,112,1,1,51,7,3,0,3,95,0,0.0,0,1870.056,36.6
92,89,19,1,50,11,3,1927.0,3,97,85.3008,0.0,60.272987,2851.0152,36.2
81,141,18,1,23,7,6,2002.0,3,71,98.424,10.0,44.738712,2788.68,36.2
364,13,1,1,32,7,3,2011.0,3,73,55.7736,0.0,34.175405,1410.744,36.0
9,105,6,1,53,7,5,2007.0,2,73,0,0.0,0,1427.148,35.9
519,113,1,1,30,7,3,2006.0,17,73,78.7392,0.0,42.253228,984.24,35.9
77,78,2,0,23,7,6,1995.0,3,73,85.3008,1.0,47.845567,2575.428,35.7
2,72,19,1,2,7,3,1991.0,3,67,62.3352,0.0,34.796776,2962.5624,35.7
136,160,6,1,51,7,3,1988.0,2,82,118.1088,3.0,47.224196,935.028,35.5
96,129,19,1,30,7,3,2008.0,3,101,0,0.0,0,1213.896,35.5
20,71,19,1,30,7,3,1988.0,14,4,60.0,0.0,35.0,0,35.4
616,87,5,0,38,7,3,2001.0,3,73,78.7392,0.0,37.28226,1082.664,35.1
360,47,18,1,43,7,6,2009.0,3,18,98.424,2.0,0,0,34.9
276,135,19,1,54,7,3,1980.0,3,73,72.1776,0.0,52.816535,2673.852,34.6
631,62,19,1,18,11,3,1996.0,3,97,88.5816,0.0,50.331051,3182.376,34.5
4,24,8,1,30,6,4,0,14,73,0,0.0,0,0,34.5
300,135,19,1,23,7,3,1986.0,3,73,59.0544,0.0,31.689921,1489.4832,34.4
641,20,19,1,36,11,3,1975.0,3,97,0,0.0,0,1354.9704,34.1
487,97,6,1,30,7,3,1998.0,15,42,59.0544,0.0,37.28226,2624.64,34.0
101,49,7,1,51,7,3,1996.0,3,73,65.616,0.0,0,1345.128,33.5
222,71,19,1,50,11,3,1982.0,3,97,88.5816,0.0,0,3149.568,33.4
409,161,6,1,23,7,6,2010.0,13,38,82.02,0.0,0,269.0256,33.1
435,159,11,0,51,11,3,2000.0,3,74,104.9856,0.0,49.70968,3280.8,32.9
273,122,19,1,30,7,3,2007.0,3,73,98.424,0.0,49.70968,0,32.7
268,92,7,1,51,7,3,2007.0,3,23,42.6504,0.0,0,964.5552,32.5
412,71,19,1,36,11,3,1975.0,3,73,85.3008,0.0,55.92339,3369.3816,32.3
510,89,19,1,56,7,7,2011.0,11,69,65.616,0.0,39.767744,1194.2112,32.3
440,62,19,0,47,7,3,2002.0,2,73,68.8968,0.0,20.505243,1299.1968,32.2
242,10,7,1,19,7,6,2010.0,3,21,104.9856,5.0,52.816535,1837.248,32.1
491,159,11,1,51,7,6,2000.0,3,82,114.828,3.0,46.602825,935.028,32.0
29,97,6,2,37,7,6,2002.0,3,73,65.616,2.0,43.49597,1312.32,32.0
444,3,18,1,30,7,6,1992.0,14,14,19.6848,0.0,22.369356,1000.644,31.8
602,47,18,1,51,7,3,2005.0,12,73,55.7736,0.0,52.195164,2109.5544,31.6
202,139,7,1,30,2,0,1998.0,14,73,0,0.0,27.961695,0,31.4
396,75,19,1,56,7,7,2008.0,11,69,42.6504,0.0,37.28226,1312.32,31.4
515,163,0,1,37,7,3,1997.0,3,73,68.8968,0.0,0,2559.024,31.2
76,85,19,1,31,7,3,2004.0,3,73,39.3696,0.0,32.311292,1364.8128,30.9
193,6,6,1,48,7,3,1987.0,3,68,39.3696,0.0,37.28226,1312.32,30.9
236,163,0,1,50,11,4,1950.0,3,22,49.212,0.0,34.175405,1476.36,30.8
82,157,19,1,36,11,3,1951.0,3,97,36.0888,0.0,24.85484,1299.1968,30.8
196,133,19,3,11,11,3,1990.0,3,97,95.1432,0.0,50.331051,2969.124,30.8
262,21,19,1,2,7,6,1987.0,3,73,75.4584,0.0,39.767744,2821.488,30.8
452,41,7,1,30,7,3,1985.0,3,4,62.3352,0.0,31.06855,1597.7496,30.6
377,144,4,1,30,7,3,1985.0,10,35,0,0.0,37.28226,984.24,30.3
404,18,19,1,2,7,3,2001.0,3,101,0,0.0,0,1256.5464,30.0
316,87,5,1,57,7,3,2000.0,0,73,22.9656,0.0,24.85484,1181.088,29.9
302,50,6,1,48,7,0,0,3,22,39.3696,0.0,31.06855,1246.704,29.6
576,106,6,1,48,7,3,2004.0,3,73,0,0.0,0,0,29.4
305,97,6,1,30,7,3,1992.0,10,14,26.2464,0.0,22.369356,0,29.3
15,126,19,1,3,7,6,2012.0,3,73,101.7048,2.0,55.302019,2900.2272,29.2
495,136,16,1,32,6,3,2011.0,14,73,36.0888,0.0,22.369356,984.24,29.1
98,11,1,1,53,6,4,2017.0,2,73,82.02,0.0,24.85484,1607.592,29.1
434,126,19,1,18,7,3,1998.0,3,73,88.5816,0.0,50.331051,3198.78,29.0
97,11,1,1,53,3,4,2017.0,14,73,82.02,0.0,24.85484,1607.592,29.0
420,60,7,1,51,7,3,1993.0,3,73,52.4928,0.0,31.06855,1712.5776,28.8
215,133,19,1,36,11,3,1973.0,3,73,104.9856,0.0,57.166132,3451.4016,28.2
266,75,19,1,57,7,3,1995.0,0,22,65.616,0.0,34.796776,2601.6744,28.2
21,81,6,1,48,7,3,2003.0,3,22,55.7736,0.0,34.175405,1640.4,28.1
222,18,19,1,26,7,3,1986.0,3,73,91.8624,0.0,55.302019,3251.2728,27.9
641,72,19,1,36,11,3,1972.0,3,97,0,0.0,0,1348.4088,27.8
132,114,15,1,2,7,3,1995.0,3,67,55.7736,0.0,0,3307.0464,27.5
275,115,5,1,28,7,3,2003.0,3,73,52.4928,0.0,0,918.624,27.5
59,149,11,1,51,7,3,2001.0,0,20,30.0,0.0,0,0,27.5
439,40,13,1,51,7,6,0,3,78,108.2664,5.0,49.70968,2260.4712,27.3
126,37,11,1,30,7,3,2005.0,10,14,36.0888,0.0,0,859.5696,27.3
531,63,7,1,57,7,0,0,0,26,29.5272,0.0,24.85484,728.3376,27.3
223,61,7,1,30,7,3,1985.0,14,14,19.6848,0.0,27.961695,1213.896,27.2
149,91,8,0,51,7,3,2001.0,0,48,42.6504,0.0,28.583066,1099.068,26.9
65,117,8,1,32,7,3,2011.0,3,73,55.7736,0.0,36.039518,1410.744,26.9
378,117,8,1,51,7,3,2011.0,3,67,45.9312,0.0,29.825808,2234.2248,26.8
470,19,2,1,51,7,6,0,0,22,49.212,0.0,26.097582,1122.0336,26.7
643,83,4,1,30,7,3,2002.0,3,101,52.4928,0.0,34.796776,1312.32,26.6
431,5,11,1,51,7,3,1996.0,14,73,0,0.0,27.961695,1000.644,26.2
339,21,19,3,11,11,3,1991.0,3,97,160.7592,0.0,62.1371,5426.4432,26.2
409,65,3,1,23,7,6,2011.0,13,38,82.02,0.0,0,262.464,25.9
162,153,19,1,30,7,3,2016.0,14,104,0,0.0,0,984.24,25.7
445,135,19,1,38,7,3,1996.0,3,73,52.4928,0.0,39.767744,1496.0448,25.7
205,131,19,1,2,7,3,1971.0,3,67,68.8968,0.0,34.796776,2591.832,25.6
105,21,19,0,23,7,3,1985.0,3,73,62.3352,0.0,39.767744,1932.3912,25.3
566,164,19,1,11,11,3,1989.0,3,97,101.7048,0.0,52.816535,4232.232,24.9
57,13,1,1,30,7,3,2000.0,10,14,32.808,0.0,22.369356,1709.2968,24.8
343,19,2,1,36,11,3,1981.0,3,97,88.5816,0.0,55.92339,3828.6936,24.8
171,159,11,0,30,7,3,2000.0,3,101,45.9312,0.0,27.961695,1213.896,24.7
575,62,19,1,2,7,3,1974.0,3,67,0,0.0,0,0,24.6
503,151,12,1,51,7,3,2012.0,0,73,42.6504,0.0,28.583066,1099.068,24.6
212,58,9,1,51,7,6,1994.0,3,73,0,0.0,0,0,24.6
150,6,6,1,42,7,3,0,3,101,42.6504,0.0,29.204437,1377.936,24.6
460,56,8,1,51,7,6,1985.0,3,59,98.424,4.0,43.49597,2296.56,24.4
137,42,6,1,51,7,6,2004.0,3,59,98.424,4.0,40.389115,0,24.3
86,97,6,2,46,7,3,1995.0,10,73,49.212,0.0,40.389115,1476.36,24.1
393,51,7,1,57,7,3,0,0,22,0,0.0,0,1640.4,24.0
253,32,6,1,23,7,6,1993.0,3,59,59.0544,1.0,36.039518,1856.9328,23.9
574,82,13,1,48,7,1,2007.0,3,59,0,2.0,0,0,23.8
41,96,19,1,49,7,6,1997.0,3,59,203.4096,2.0,67.108068,4776.8448,23.7
296,104,6,1,51,7,3,2014.0,0,73,36.0888,0.0,0,721.776,23.7
605,109,15,1,30,7,0,2009.0,3,101,45.9312,0.0,27.961695,1213.896,23.6
451,97,6,1,30,7,3,2007.0,3,101,45.9312,0.0,27.961695,1213.896,23.2
219,131,19,4,23,7,6,2011.0,3,105,108.2664,0.0,37.28226,826.7616,23.2
413,7,4,1,57,7,7,1980.0,14,73,0,0.0,0,0,23.0
52,12,18,1,8,7,3,1934.0,3,73,0,0.0,0,2296.56,22.8
243,71,19,3,36,11,3,1994.0,3,97,82.02,0.0,49.70968,3156.1296,22.6
169,20,19,1,51,7,6,2009.0,3,82,118.1088,3.0,47.224196,935.028,22.4
114,2,19,1,22,7,6,1991.0,3,64,88.5816,2.0,0,2250.6288,22.4
408,39,11,1,51,7,6,1981.0,3,58,95.1432,4.0,46.602825,2460.6,22.2
114,85,19,1,51,7,3,2004.0,0,73,42.6504,0.0,28.583066,1099.068,22.2
139,42,6,1,30,7,3,2009.0,14,14,0,0.0,0,0,22.1
200,19,2,1,36,11,3,1981.0,3,97,42.6504,0.0,34.796776,1354.9704,22.1
353,78,2,1,54,11,3,1985.0,3,97,127.9512,0.0,59.651616,3996.0144,22.0
88,60,7,1,32,7,3,1997.0,3,101,49.212,0.0,27.961695,1213.896,21.8
297,67,6,1,48,7,3,1999.0,10,14,0,0.0,24.85484,0,21.7
158,44,4,1,42,7,3,2001.0,3,73,42.6504,0.0,29.204437,1377.936,21.7
113,83,4,1,30,7,3,1997.0,10,14,0,0.0,0,0,21.6
402,84,7,1,30,7,3,2002.0,3,101,52.4928,0.0,34.796776,1312.32,21.6
560,89,19,1,56,7,6,2010.0,3,91,0,0.0,0,1378.0,21.5
477,137,7,1,32,7,7,2013.0,14,73,0,0.0,0,0,21.2
243,20,19,1,5,7,3,1994.0,3,73,82.02,0.0,50.331051,3156.1296,20.9
464,71,19,0,49,7,6,1986.0,3,92,95.1432,1.0,50.331051,2230.944,20.9
111,113,1,1,30,7,3,2004.0,10,14,45.9312,0.0,22.369356,1476.36,20.6
610,7,4,1,30,10,4,0,14,73,0,0.0,0,0,20.5
309,67,6,1,42,7,3,0,3,101,19.6848,0.0,0,0,20.5
421,22,18,1,32,7,3,1998.0,3,101,49.212,0.0,27.961695,1213.896,20.2
429,20,19,1,30,7,3,2002.0,3,101,45.9312,0.0,27.961695,1213.896,20.2
473,129,19,1,23,11,3,1996.0,0,97,39.3696,0.0,32.932663,0,20.0
367,115,5,1,17,10,0,2011.0,3,73,32.808,0.0,0,1377.936,19.9
198,92,7,1,30,7,3,2000.0,3,101,45.9312,0.0,27.961695,1213.896,19.9
184,25,6,1,48,7,3,2003.0,3,73,0,0.0,0,0,19.8
166,19,2,1,30,7,3,1999.0,3,101,52.4928,0.0,34.796776,1312.32,19.8
611,131,19,1,2,7,6,1990.0,3,59,187.0056,7.0,69.593552,3828.6936,19.7
631,79,19,1,9,7,3,1927.0,3,73,85.3008,0.0,47.845567,2746.0296,19.6
322,66,19,1,5,11,7,2002.0,3,73,36.0888,0.0,19.883872,1400.9016,19.6
128,105,6,1,51,7,3,2003.0,0,49,29.5272,0.0,21.747985,679.1256,19.5
455,22,18,1,30,7,3,1987.0,14,14,19.6848,0.0,22.369356,803.796,19.4
538,111,7,1,51,7,3,1988.0,3,43,26.2464,0.0,31.06855,4199.424,19.2
612,142,15,1,56,7,3,0,10,14,0,0.0,0,0,18.8
135,156,14,1,51,7,3,2010.0,3,48,0,0.0,0,1148.28,18.7
625,19,2,1,36,11,3,1981.0,3,97,82.02,0.0,55.92339,3149.568,18.7
350,44,4,1,51,7,3,1992.0,0,73,42.6504,0.0,28.583066,1099.068,18.5
641,21,19,1,51,7,3,1999.0,0,50,42.6504,0.0,28.583066,1099.068,18.5
226,16,19,0,18,11,3,1999.0,3,97,88.5816,0.0,50.331051,3398.9088,18.4
77,143,4,1,45,7,6,2008.0,3,73,68.8968,3.0,40.389115,1312.32,18.4
17,71,19,1,30,7,3,2002.0,3,101,52.4928,0.0,34.796776,1312.32,18.3
552,19,2,1,30,7,3,1981.0,9,14,32.808,0.0,39.767744,1082.664,18.2
167,72,19,1,51,7,6,2001.0,3,73,49.212,0.0,26.097582,1122.0336,18.0
617,20,19,1,3,7,6,1992.0,3,73,88.5816,2.0,50.331051,2040.6576,17.9
143,50,6,2,48,7,3,1987.0,3,73,0,0.0,0,0,17.8
307,103,6,1,57,7,3,0,0,22,36.0888,0.0,26.097582,1345.128,17.6
641,160,6,1,56,7,3,2002.0,3,101,0,0.0,0,721.776,17.4
627,35,19,1,32,7,3,2000.0,3,101,49.212,0.0,27.961695,1213.896,17.4
114,78,2,1,23,7,3,1994.0,0,73,0,0.0,0,0,17.4
82,162,6,1,51,7,6,0,3,59,78.7392,3.0,39.767744,0,17.4
627,62,19,1,30,7,3,1999.0,3,101,45.9312,0.0,27.961695,1213.896,17.3
441,113,1,1,51,7,3,1990.0,0,73,42.6504,0.0,27.961695,1099.068,17.3
68,156,14,1,47,7,3,0,3,22,0,0.0,0,0,17.1
129,78,2,1,51,7,6,0,3,78,111.5472,5.0,49.70968,2260.4712,17.0
110,5,11,1,57,7,3,2005.0,0,73,29.5272,0.0,24.233469,728.3376,17.0
448,16,19,1,30,7,3,2004.0,3,101,45.9312,0.0,27.961695,1213.896,17.0
333,163,0,1,19,7,3,0,17,42,32.808,0.0,24.85484,774.2688,17.0
583,87,5,1,30,7,3,2004.0,14,73,55.7736,0.0,36.039518,1102.3488,17.0
220,0,18,1,57,7,3,1999.0,0,97,42.0,0.0,0,0,16.5
63,93,8,1,46,7,3,2010.0,10,73,36.0888,0.0,0,1361.532,16.3
391,87,5,1,30,7,3,1990.0,10,14,22.9656,0.0,22.990727,961.2744,16.3
83,3,18,0,51,7,6,1980.0,3,9,75.4584,2.0,39.767744,2401.5456,15.9
547,141,18,1,51,7,3,1996.0,0,26,42.6504,0.0,27.961695,1312.32,15.9
474,137,7,1,6,7,3,2001.0,17,73,0,0.0,0,0,15.9
71,20,19,1,2,4,3,1973.0,3,67,0,0.0,0,2398.2648,15.7
294,56,8,1,17,7,3,2016.0,3,73,45.9312,0.0,7.456452,0,15.6
627,9,19,1,56,7,3,2005.0,3,101,42.6504,0.0,29.204437,1377.936,15.6
117,19,2,1,2,7,6,1981.0,3,59,78.7392,4.0,50.331051,2158.7664,15.5
187,36,18,4,32,7,3,2005.0,3,59,82.02,3.0,43.49597,1263.108,15.5
69,57,19,1,2,7,3,2003.0,3,67,55.7736,0.0,44.738712,2001.288,15.3
492,13,1,0,30,7,0,0,3,101,45.9312,0.0,27.961695,1213.896,14.9
44,61,7,1,51,7,6,1983.0,3,12,98.424,4.0,39.146373,2316.2448,14.9
298,104,6,1,56,7,3,2007.0,3,101,42.6504,0.0,33.554034,0,14.6
99,130,19,1,2,7,6,1976.0,3,59,101.7048,4.0,50.331051,2129.2392,14.6
72,21,19,1,2,4,3,1969.0,3,67,49.212,0.0,31.06855,2539.3392,14.6
561,66,19,1,46,6,3,1984.0,3,73,45.9312,0.0,31.06855,1765.0704,14.4
13,71,19,1,2,7,6,1991.0,3,59,144.3552,4.0,50.331051,2700.0984,14.2
571,48,10,1,48,7,3,1992.0,9,16,0,0.0,0,0,14.2
574,2,19,1,54,7,3,1978.0,3,73,91.8624,0.0,57.787503,2841.1728,14.1
189,31,19,1,51,7,3,1993.0,0,73,29.5272,0.0,21.747985,679.1256,14.1
114,67,6,1,48,7,3,1987.0,3,73,16.404,0.0,0,656.16,13.9
210,132,19,1,32,7,3,2011.0,3,101,49.212,0.0,27.961695,1213.896,13.7
225,16,19,0,18,11,3,1999.0,3,97,104.9856,0.0,49.70968,3510.456,13.7
442,129,19,0,12,11,3,1979.0,3,97,95.1432,0.0,55.92339,3198.78,13.6
224,136,16,1,30,2,0,1987.0,14,73,0,0.0,0,0,13.6
589,37,11,1,32,7,3,2001.0,0,73,0,0.0,0,0,13.3
59,11,1,1,51,7,6,1984.0,2,82,118.1088,3.0,47.224196,935.028,13.0
123,82,13,1,50,7,0,0,3,106,0,0.0,0,0,13.0
617,72,19,1,2,7,6,1987.0,3,59,147.636,6.0,55.302019,3799.1664,12.8
69,1,19,1,2,7,6,1993.0,3,59,95.1432,4.0,41.010486,2424.5112,12.8
469,51,7,0,57,7,0,2000.0,3,27,0,0.0,0,0,12.8
304,23,6,1,48,7,3,2002.0,14,67,22.9656,0.0,22.369356,0,12.7
107,163,0,1,42,7,3,0,3,101,42.6504,0.0,29.204437,1377.936,12.6
590,143,4,1,56,7,3,2006.0,3,101,42.6504,0.0,29.204437,1377.936,12.6
444,129,19,1,2,7,3,1974.0,3,67,0,0.0,37.903631,0,12.4
174,90,6,1,17,7,6,0,3,101,42.6504,0.0,29.204437,1377.936,12.3
400,29,19,1,42,7,3,2002.0,3,13,42.6504,0.0,29.204437,1377.936,12.2
493,13,1,1,30,7,3,0,3,101,45.9312,0.0,27.961695,1213.896,12.0
203,91,8,1,28,7,3,1998.0,3,101,49.212,0.0,21.747985,1181.088,11.9
574,5,11,1,51,7,6,1990.0,3,59,82.02,2.0,43.49597,1509.168,11.9
289,37,11,1,32,7,3,1996.0,3,101,49.212,0.0,27.961695,1213.896,11.8
122,26,6,1,48,7,0,2000.0,3,49,0,0.0,0,0,11.7
255,12,18,1,51,7,6,2007.0,3,73,111.5472,5.0,49.70968,2260.4712,11.6
401,29,19,1,42,7,3,0,3,101,42.6504,0.0,29.204437,1377.936,11.4
458,56,8,4,43,7,6,2005.0,14,79,98.424,0.0,0,0,11.4
209,27,19,1,30,7,3,2001.0,3,101,0,0.0,27.340324,0,11.3
516,78,2,1,51,7,3,1981.0,3,59,75.4584,2.0,39.767744,2401.5456,11.1
481,89,19,1,56,7,2,2011.0,15,28,49.212,2.0,25.476211,1282.7928,10.9
627,95,9,1,30,7,3,1996.0,3,101,45.9312,0.0,28.0,1213.896,10.7
90,48,10,1,42,7,7,0,14,73,0,0.0,0,0,10.7
438,54,19,1,56,6,4,2011.0,14,73,42.6504,0.0,29.204437,1377.936,10.5
407,156,14,1,56,7,4,0,15,22,55.7736,0.0,0,1400.9016,10.4
433,134,19,1,2,7,3,1971.0,3,67,42.6504,0.0,37.28226,2499.9696,10.3
627,47,18,0,32,7,3,1997.0,3,101,49.212,0.0,27.961695,1213.896,10.3
632,163,0,1,32,7,3,1997.0,3,101,49.212,0.0,27.961695,1213.896,10.3
570,78,2,1,56,7,3,2003.0,3,101,42.6504,0.0,11.184678,885.816,10.1
211,103,6,1,51,7,6,0,3,59,121.3896,7.0,46.602825,3116.76,10.0
124,13,1,1,51,7,6,1987.0,3,73,82.02,0.0,27.961695,1968.48,10.0
284,20,19,1,51,7,6,0,0,22,49.212,0.0,26.097582,1122.0336,9.6
59,75,19,0,51,7,6,1990.0,2,8,118.1088,3.0,47.224196,935.028,9.5
444,135,19,1,2,7,3,1966.0,3,67,36.0888,0.0,0,2398.2648,9.4
87,138,18,1,42,6,3,2018.0,14,73,0,0.0,0,0,9.2
74,75,19,1,30,7,3,2013.0,3,101,52.4928,0.0,35.0,1345.128,9.1
577,102,6,1,48,7,3,1995.0,3,22,0,0.0,0,0,8.8
89,48,10,1,42,7,3,1996.0,3,73,42.6504,0.0,31.06855,1377.936,8.8
388,39,11,0,11,11,3,1991.0,3,97,49.212,0.0,34.175405,1614.1536,8.6
25,92,7,1,40,11,3,1999.0,3,97,91.8624,0.0,49.70968,3605.5992,8.2
381,143,4,1,37,7,3,1986.0,3,59,36.0888,1.0,0,1197.492,8.0
77,158,1,1,51,7,6,2001.0,2,8,118.1088,3.0,47.224196,935.028,7.9
64,36,18,1,56,7,3,1987.0,14,14,0,0.0,0,0,7.9
584,15,18,1,37,7,6,0,3,59,36.0888,1.0,0,1197.492,7.8
466,62,19,1,51,7,3,1991.0,2,80,118.1088,3.0,47.224196,935.028,7.6
238,63,7,0,32,7,3,2010.0,3,101,49.212,0.0,27.961695,1213.896,7.1
94,133,19,1,2,7,3,1967.0,3,67,36.0888,0.0,29.204437,2322.8064,7.0
13,162,6,1,54,11,3,1989.0,3,74,114.828,0.0,52.816535,3936.96,6.9
60,57,19,1,51,7,6,1997.0,2,80,118.1088,3.0,47.224196,935.028,6.8
374,25,6,1,39,7,3,2010.0,3,73,32.808,0.0,31.06855,1509.168,6.8
28,19,2,1,51,7,6,1987.0,2,82,118.1088,3.0,47.224196,935.028,6.7
599,158,1,1,51,7,6,1999.0,3,94,108.2664,5.0,49.70968,2260.4712,6.5
83,21,19,1,2,7,6,1976.0,3,59,75.4584,3.0,43.49597,2017.692,6.5
450,82,13,1,50,7,0,0,3,106,0,0.0,0,0,6.4
70,20,19,1,2,7,6,1980.0,3,59,65.616,4.0,41.010486,2099.712,6.3
172,141,18,1,30,7,3,1983.0,14,14,19.6848,0.0,18.64113,767.7072,6.3
518,63,7,0,51,7,6,1979.0,3,9,75.4584,2.0,39.767744,2401.5456,6.3
497,9,19,1,44,7,3,2016.0,0,73,0,0.0,0,0,6.1
428,91,8,1,30,7,3,1992.0,14,14,13.1232,0.0,22.369356,820.2,5.9
649,79,19,1,51,7,6,1997.0,2,80,114.828,3.0,46.602825,935.028,5.8
55,56,8,1,51,7,6,1998.0,3,94,108.2664,5.0,49.70968,2509.812,5.7
319,151,12,1,51,7,6,1988.0,3,58,61.0,2.0,40.0,0,5.7
327,26,6,0,44,7,6,2010.0,3,73,36.0888,0.0,26.718953,1017.048,5.5
249,80,6,1,37,7,4,2016.0,3,107,55.7736,0.0,0,0,5.3
53,133,19,1,51,7,6,1992.0,3,59,121.3896,5.0,52.195164,2742.7488,5.1
373,134,19,1,51,7,6,1989.0,3,59,108.2664,4.0,54.680648,2431.0728,5.0
285,48,10,1,48,7,6,1995.0,3,73,91.8624,0.0,55.92339,2362.176,5.0
502,57,19,1,2,7,6,1984.0,3,59,68.8968,3.0,43.49597,1601.0304,5.0
348,132,19,1,51,7,6,1997.0,3,78,111.5472,5.0,49.70968,2260.4712,4.9
529,70,19,1,51,7,6,1995.0,3,94,101.7048,5.0,49.70968,2171.8896,4.2
334,91,8,1,39,7,3,2011.0,3,22,36.0888,0.0,0,1410.744,4.1
59,134,19,1,51,7,6,2013.0,3,6,118.1088,3.0,46.602825,875.9736,4.0
326,92,7,1,51,7,6,2001.0,3,94,108.2664,5.0,49.70968,2260.4712,3.8
580,140,5,1,56,7,2,2005.0,10,73,49.212,2.0,25.476211,1282.7928,3.7
348,126,19,1,51,7,6,1995.0,3,78,108.2664,5.0,49.70968,2260.4712,3.2
60,127,19,1,51,7,6,1998.0,3,82,118.1088,3.0,47.224196,935.028,3.1
59,164,19,1,51,7,6,2000.0,2,80,118.1088,3.0,47.224196,935.028,3.0
148,119,7,1,57,9,4,0,14,73,0,0.0,0,0,3.0
75,108,15,1,40,11,3,2002.0,3,97,118.1088,0.0,55.92339,4573.4352,3.0
159,132,19,1,51,7,6,2000.0,3,82,118.1088,3.0,46.602825,875.9736,2.7
315,61,7,1,51,7,6,1999.0,3,94,108.2664,5.0,49.70968,2260.4712,2.7
59,78,2,1,51,7,6,1984.0,2,82,118.1088,3.0,47.224196,935.028,2.7
99,18,19,1,2,7,6,1976.0,3,59,101.7048,4.0,50.331051,2129.2392,2.6
160,19,2,1,51,7,6,0,3,78,108.2664,5.0,49.70968,3244.7112,2.2
133,60,7,0,46,7,3,1989.0,9,14,32.808,0.0,0,0,1.8
568,19,2,1,56,7,2,2004.0,10,30,49.212,2.0,25.476211,1282.7928,1.4
320,104,6,0,48,7,6,2003.0,10,59,0,1.0,0,0,1.3
288,127,19,1,51,7,6,1998.0,3,78,111.5472,5.0,49.70968,2260.4712,0.6
607,40,13,1,44,7,6,0,3,101,42.6504,0.0,0,1049.856,0.6
131,159,11,1,51,7,6,1994.0,3,94,101.7048,5.0,49.70968,2171.8896,0.5
614,163,0,1,56,7,2,2004.0,15,30,68.8968,2.0,31.06855,1436.9904,0.3
