name,country,status,designer,construction,restraint,opening_year,launch,type,height,inversions,speed,length,score
0,19,1,41,4,3,2018.0,3,0,206.6904,4.0,73.943149,5741.4,100.0
1,19,1,3,7,3,2015.0,3,37,324.7992,0.0,95.069763,6600.9696,99.5
2,19,1,23,7,6,2007.0,13,76,104.9856,2.0,70.214923,4448.7648,99.2
3,19,1,41,4,3,2018.0,3,59,111.5472,3.0,54.059277,3359.5392,99.1
4,19,1,23,11,3,2006.0,2,97,180.444,0.0,70.214923,4399.5528,98.9
5,16,1,41,11,3,2016.0,3,99,187.0056,3.0,70.214923,4265.04,98.8
6,9,1,43,7,6,2006.0,3,0,249.3408,2.0,78.292746,3782.7624,98.8
7,19,1,41,11,3,2016.0,13,0,164.04,0.0,73.321778,3799.1664,98.8
8,19,1,41,4,3,2015.0,3,0,121.3896,2.0,57.166132,4986.816,98.8
9,15,1,3,7,3,2012.0,3,39,249.3408,0.0,83.263714,5131.1712,98.2
10,13,1,23,7,3,2018.0,3,40,252.6216,1.0,86.99194,4757.16,98.2
11,7,1,23,7,3,2016.0,13,0,98.424,0.0,72.700407,4330.656,98.1
12,19,1,41,4,3,2015.0,3,0,108.2664,3.0,55.302019,3320.1696,98.0
13,7,1,23,7,3,2001.0,2,65,173.8824,0.0,74.56452,4002.576,97.9
14,16,1,30,7,3,2014.0,13,63,134.5128,7.0,62.1371,4530.7848,97.8
15,19,1,41,7,3,2018.0,3,62,114.828,3.0,52.195164,1804.44,97.5
16,19,1,41,7,3,2016.0,3,0,101.7048,3.0,52.195164,2742.7488,97.3
17,19,1,41,4,3,2013.0,3,0,164.04,2.0,68.35081,0,97.1
18,19,1,41,4,3,2018.0,3,0,101.7048,3.0,50.331051,2401.5456,97.0
19,19,1,23,7,3,2003.0,12,77,419.9424,0.0,119.303232,2798.5224,96.9
20,13,1,51,7,8,2017.0,3,59,131.232,0.0,59.030245,2978.9664,96.8
21,19,1,41,11,3,2014.0,3,97,180.444,2.0,71.457665,3116.76,96.7
22,19,1,41,4,3,2013.0,3,0,180.444,1.0,70.214923,3267.6768,96.5
23,19,1,2,7,6,2002.0,3,0,173.8824,6.0,75.807262,3608.88,96.1
24,8,1,23,7,6,2009.0,13,76,180.444,3.0,74.56452,3280.8,95.9
25,8,1,3,7,6,2000.0,3,0,164.04,6.0,64.622584,3936.96,95.8
26,19,1,23,7,6,2010.0,2,36,305.1144,0.0,90.098795,5101.644,95.8
27,9,1,3,7,2,2016.0,3,0,124.6704,5.0,0,3687.6192,95.8
28,17,1,23,7,3,2016.0,2,0,206.6904,1.0,74.56452,4921.2,95.4
29,19,1,36,11,3,1985.0,3,74,78.7392,0.0,44.738712,3198.78,95.3
30,19,1,30,7,3,2018.0,13,56,98.424,3.0,49.70968,3018.336,95.2
31,19,1,23,7,3,2000.0,2,36,308.3952,0.0,93.20565,6594.408,95.2
32,19,1,3,7,3,2016.0,3,40,200.1288,0.0,71.457665,4757.16,94.9
33,19,1,3,7,6,2007.0,3,11,203.4096,2.0,74.56452,3116.76,94.6
34,11,1,23,7,3,2002.0,2,65,154.1976,0.0,65.865326,3982.8912,94.5
35,19,1,41,4,3,2016.0,3,0,101.7048,3.0,52.816535,3198.78,94.3
36,16,1,23,11,3,2003.0,3,97,118.1088,0.0,55.92339,3510.456,94.3
37,19,1,7,7,3,2014.0,3,0,101.7048,0.0,55.92339,2509.812,94.0
38,18,1,3,7,6,0,3,95,42.6504,4.0,50.331051,2349.0528,93.9
39,7,1,19,7,3,2015.0,3,46,239.4984,1.0,78.914117,4051.788,93.6
40,6,1,3,7,6,2012.0,3,0,131.232,5.0,56.544761,3280.8,93.6
41,19,1,3,7,3,2006.0,3,39,200.1288,0.0,69.593552,4478.292,93.4
42,19,1,41,4,3,2011.0,3,0,154.1976,0.0,65.243955,4199.424,93.2
43,11,1,3,7,8,2018.0,3,0,131.232,3.0,59.030245,2667.2904,92.8
44,19,1,23,7,3,2000.0,3,65,206.6904,0.0,77.050004,5400.1968,92.8
45,19,1,3,7,6,1996.0,3,0,150.9168,7.0,59.651616,3982.8912,92.7
46,19,1,3,7,6,2005.0,3,11,200.1288,1.0,70.214923,3188.9376,92.5
47,19,1,23,7,3,2002.0,12,76,203.4096,0.0,82.020972,2201.4168,92.4
48,19,1,23,7,6,2012.0,2,65,196.848,0.0,74.56452,3608.88,92.4
49,3,1,51,7,6,2016.0,13,0,78.7392,0.0,59.030245,3182.376,92.3
50,19,1,3,7,6,1999.0,3,0,111.5472,6.0,62.1371,2952.72,92.2
51,19,1,3,7,2,2006.0,3,0,170.6016,4.0,62.1371,3599.0376,92.1
52,15,1,3,7,6,2002.0,3,0,164.04,7.0,65.243955,3936.96,92.0
53,19,1,23,7,6,2005.0,12,77,456.0312,0.0,128.002426,3116.76,91.9
54,19,1,3,7,3,2001.0,3,39,229.656,0.0,79.535488,5393.6352,91.6
55,19,1,3,7,6,2015.0,13,0,141.0744,4.0,62.1371,3034.74,91.1
56,19,1,3,7,2,2009.0,3,0,141.0744,4.0,60.272987,3359.5392,90.9
57,9,1,23,7,7,2008.0,2,66,104.9856,0.0,54.059277,2460.6,90.8
58,4,1,23,7,3,2008.0,3,66,104.9856,0.0,55.92339,2477.004,90.8
59,19,1,3,7,2,2013.0,3,0,170.6016,6.0,67.108068,4163.3352,90.5
60,7,1,3,7,6,2006.0,3,0,85.3008,4.0,49.70968,0,90.3
61,9,1,43,7,3,2001.0,8,1,170.6016,0.0,106.875812,3900.8712,90.2
62,6,1,3,7,6,2010.0,3,0,137.7936,6.0,57.166132,3936.96,90.1
63,6,1,30,7,3,0,3,65,98.424,0.0,62.1371,2624.64,89.9
64,19,1,3,7,6,1997.0,3,0,196.848,6.0,67.108068,0,89.9
65,11,1,18,11,3,2007.0,3,97,114.828,0.0,0,3280.8,89.5
66,19,1,21,4,3,2008.0,3,97,78.7392,0.0,56.544761,2900.2272,89.2
67,18,1,30,7,3,2018.0,13,59,88.5816,1.0,49.70968,3749.9544,89.1
68,14,1,51,7,6,2010.0,10,0,137.7936,0.0,55.92339,0,89.0
69,18,1,23,7,6,2006.0,12,76,206.6904,0.0,83.885085,1312.32,88.9
70,19,1,3,7,6,2000.0,3,0,167.3208,6.0,70.214923,4025.5416,88.6
71,2,1,3,7,3,2008.0,3,39,229.656,0.0,77.050004,5318.1768,88.5
72,7,1,18,11,3,2012.0,3,97,114.828,0.0,62.1371,3444.84,88.5
73,15,1,23,7,3,2017.0,13,77,367.4496,0.0,114.953635,2887.104,88.3
74,19,1,3,7,3,1999.0,3,39,170.6016,0.0,73.321778,4881.8304,88.0
75,19,1,38,7,3,2013.0,13,54,157.4784,2.0,69.593552,2198.136,88.0
76,19,1,23,7,6,2004.0,12,76,183.7248,3.0,74.56452,2644.3248,88.0
77,19,1,18,11,3,2017.0,3,97,108.2664,0.0,52.816535,3264.396,87.8
78,5,1,19,5,3,2015.0,13,0,131.232,3.0,64.622584,2821.488,87.4
79,19,1,38,7,3,2004.0,13,53,45.9312,0.0,40.389115,2198.136,87.4
80,19,1,3,7,6,2001.0,3,0,134.5128,4.0,57.787503,3116.76,87.3
81,19,1,38,7,3,1998.0,13,80,216.5328,1.0,70.214923,1299.1968,87.1
82,7,4,23,11,3,2001.0,3,74,167.3208,0.0,68.35081,4921.2,86.9
83,19,1,23,7,6,2011.0,13,76,101.7048,1.0,60.272987,4429.08,86.8
84,19,1,23,7,3,2014.0,13,10,0,0.0,0,0,86.8
85,19,1,38,7,3,1998.0,13,0,216.5328,1.0,70.214923,1299.1968,86.8
86,19,1,3,7,3,2009.0,3,39,229.656,0.0,80.156859,5282.088,86.3
87,18,1,3,7,2,2002.0,3,0,65.616,3.0,46.602825,2755.872,86.2
88,7,1,19,7,6,2009.0,6,21,131.232,1.0,62.1371,0,86.1
89,2,1,3,7,3,2006.0,3,39,173.8824,0.0,68.35081,4038.6648,85.8
90,7,1,30,7,3,2009.0,13,59,124.6704,4.0,62.1371,3464.5248,85.7
91,19,1,9,11,3,1979.0,3,0,111.5472,0.0,64.622584,7358.8344,85.7
92,19,1,3,7,6,2006.0,3,0,150.9168,4.0,59.651616,3080.6712,85.5
93,19,1,3,7,6,0,16,59,108.2664,7.0,66.486697,3697.4616,85.5
94,19,1,3,7,6,1993.0,3,59,141.0744,7.0,59.651616,3969.768,85.4
95,11,1,3,7,6,2015.0,3,11,124.6704,2.0,55.92339,1640.4,85.3
96,19,1,3,7,6,2000.0,3,0,150.9168,7.0,65.243955,3936.96,85.2
97,19,1,23,7,6,2001.0,13,59,108.2664,1.0,54.680648,6069.48,85.2
98,19,1,21,11,3,2017.0,3,0,82.02,1.0,48.466938,2289.9984,84.9
99,11,1,30,7,3,2016.0,3,3,104.9856,2.0,54.059277,2230.944,84.9
100,15,1,51,7,6,2002.0,2,72,190.2864,3.0,65.865326,1204.0536,84.7
101,8,1,3,7,6,2015.0,3,11,141.0744,2.0,62.1371,1856.9328,84.6
102,19,1,43,7,3,0,5,1,98.424,0.0,62.1371,3503.8944,84.3
103,8,1,3,7,6,2011.0,3,0,108.2664,3.0,55.92339,2526.216,84.2
104,19,1,3,7,6,0,3,59,121.3896,5.0,65.865326,3074.1096,84.2
105,19,1,57,7,3,2012.0,13,51,0,0.0,52.816535,2834.6112,84.1
106,3,1,3,7,6,0,3,59,114.828,4.0,55.92339,2788.68,84.1
107,19,1,51,7,3,2006.0,3,34,111.5472,0.0,49.70968,4399.5528,84.0
108,7,1,30,7,3,2017.0,13,59,147.636,3.0,55.92339,2362.176,83.9
109,14,1,38,7,6,2010.0,13,44,45.0,0.0,44.738712,2198.136,83.9
110,19,1,19,7,3,2016.0,3,46,134.5128,5.0,65.243955,2499.9696,83.8
111,7,1,18,11,3,2009.0,3,97,91.8624,0.0,46.602825,2460.6,83.8
112,10,1,46,7,6,1989.0,0,59,124.6704,5.0,49.70968,4101.0,83.5
113,19,1,3,7,6,2000.0,3,0,150.9168,7.0,65.243955,4176.4584,83.5
114,7,1,19,7,3,2013.0,13,46,104.9856,0.0,62.1371,2296.56,83.5
115,18,1,3,7,6,1998.0,3,11,65.616,0.0,68.35081,1220.4576,83.2
116,19,4,23,7,6,1998.0,13,0,154.1976,4.0,69.593552,2755.872,83.2
117,19,1,3,7,3,2010.0,0,39,232.9368,0.0,74.56452,5314.896,83.2
118,3,1,51,7,3,2012.0,6,67,0,0.0,34.796776,3608.88,83.0
119,18,1,3,7,6,2012.0,3,0,127.9512,4.0,0,2542.62,82.8
120,13,1,51,7,6,0,13,59,82.02,3.0,49.088309,1837.248,82.7
121,17,1,23,7,3,2010.0,12,51,170.6016,0.0,149.12904,6561.6,82.7
122,19,1,3,7,6,1994.0,3,0,137.7936,6.0,57.166132,3789.324,82.5
123,7,1,3,7,3,0,3,40,239.4984,0.0,78.914117,5314.896,82.4
124,19,1,5,11,3,2000.0,3,74,114.828,0.0,60.272987,4724.352,82.4
125,2,1,3,7,3,2012.0,3,37,305.1144,0.0,91.962908,5485.4976,82.0
126,15,1,3,7,6,1995.0,3,59,147.636,8.0,65.243955,4166.616,81.9
127,11,1,19,7,3,2017.0,13,46,108.2664,2.0,55.92339,1312.32,81.9
128,6,1,23,7,3,2018.0,16,24,39.3696,0.0,52.816535,3280.8,81.6
129,9,1,3,7,3,2007.0,3,65,144.3552,0.0,55.92339,3936.96,81.5
130,7,1,3,7,2,2014.0,3,0,164.04,5.0,62.1371,2532.7776,81.5
131,11,1,18,11,3,2010.0,3,97,72.1776,0.0,46.602825,2585.2704,81.4
132,19,0,3,7,6,1999.0,3,0,124.6704,5.0,60.272987,3198.78,81.4
133,19,1,3,7,3,1993.0,3,0,101.7048,3.0,50.331051,2260.4712,81.4
134,18,1,19,7,3,2013.0,3,46,98.424,14.0,52.816535,3838.536,81.3
135,19,1,3,7,6,2012.0,3,0,209.9712,4.0,60.894358,3126.6024,81.1
136,11,1,18,11,3,2010.0,3,97,72.1776,0.0,46.602825,2585.2704,80.3
137,8,1,32,7,3,2011.0,13,59,114.828,1.0,62.1371,2460.6,80.3
138,19,1,23,7,3,2000.0,3,65,196.848,0.0,72.700407,5347.704,80.2
139,6,1,21,11,3,2016.0,3,97,55.7736,0.0,40.389115,1463.2368,79.2
140,16,1,46,7,3,1987.0,3,95,147.636,0.0,49.70968,5078.6784,79.0
141,19,1,3,7,6,2004.0,3,0,147.636,6.0,55.302019,3126.6024,79.0
142,1,1,19,7,6,0,13,59,111.5472,3.0,55.92339,1968.48,78.9
143,19,1,3,7,6,1998.0,3,0,88.5816,4.0,57.787503,2798.5224,78.9
144,4,1,29,11,3,0,2,74,42.6504,0.0,31.06855,2362.176,78.4
145,19,1,19,7,3,0,3,61,150.9168,4.0,57.166132,2198.136,78.4
146,9,1,23,7,3,2003.0,2,39,262.464,0.0,80.77823,3510.456,78.3
147,8,1,23,7,4,0,0,25,65.616,0.0,0,1499.3256,78.3
148,19,1,3,7,6,2008.0,3,0,157.4784,5.0,65.243955,4209.2664,78.1
149,19,1,23,7,3,2008.0,3,59,121.3896,6.0,57.787503,2700.0984,78.1
150,19,1,21,11,3,2006.0,3,97,160.7592,0.0,67.108068,6440.2104,77.8
151,6,1,21,4,3,2018.0,3,98,49.212,0.0,37.903631,1571.5032,77.6
152,19,0,3,7,6,1999.0,3,0,124.6704,5.0,55.302019,3198.78,77.4
153,8,1,23,0,4,2014.0,0,0,108.2664,0.0,52.816535,2870.7,77.3
154,1,1,30,7,3,0,13,80,147.636,0.0,62.1371,711.9336,77.2
155,7,1,3,7,6,2011.0,3,11,134.5128,1.0,0,1561.6608,77.0
156,15,1,3,7,6,2002.0,3,2,104.9856,5.0,49.70968,2700.0984,76.9
157,19,1,3,7,2,2003.0,3,0,104.9856,2.0,50.952422,2759.1528,76.7
158,19,1,3,7,6,2014.0,3,0,167.3208,7.0,68.35081,4133.808,76.5
159,4,1,3,7,6,0,3,59,91.8624,3.0,47.845567,1850.3712,76.3
160,19,1,3,7,6,1999.0,3,0,141.0744,7.0,60.894358,3982.8912,76.1
161,16,1,21,11,3,2011.0,3,97,49.212,0.0,37.903631,1574.784,76.1
162,18,1,5,11,3,1996.0,3,97,85.3008,0.0,47.845567,2956.0008,76.0
163,18,0,50,11,5,1958.0,3,101,0,0.0,0,1279.512,76.0
164,7,1,38,7,3,2014.0,13,64,150.9168,1.0,62.1371,853.008,75.5
165,5,1,18,11,3,2006.0,3,97,88.5816,0.0,46.602825,2788.68,75.3
166,19,1,21,11,3,2011.0,3,97,36.0888,0.0,34.796776,1240.1424,75.0
167,4,1,19,7,6,2008.0,12,59,65.616,2.0,49.70968,1771.632,75.0
168,19,1,3,7,2,2012.0,3,0,121.3896,5.0,55.92339,3001.932,75.0
169,19,1,3,7,2,2003.0,3,0,104.9856,2.0,50.952422,2798.5224,74.9
170,5,1,23,7,6,2001.0,3,0,82.02,5.0,46.602825,2296.56,74.6
171,19,1,2,7,6,1999.0,3,59,164.04,3.0,62.758471,2683.6944,74.5
172,19,1,18,11,3,2013.0,3,74,75.4584,0.0,46.602825,1968.48,74.4
173,19,1,2,7,3,1991.0,3,39,229.656,0.0,82.020972,3198.78,74.3
174,6,1,19,7,3,2017.0,4,0,68.8968,0.0,32.311292,3044.5824,74.2
175,1,1,18,11,3,2017.0,3,75,72.1776,0.0,43.49597,2034.096,74.2
176,7,1,32,7,3,2002.0,17,0,55.7736,0.0,37.28226,1345.128,74.1
177,19,1,38,0,3,2004.0,13,0,45.9312,0.0,39.767744,1906.1448,74.1
178,19,1,38,7,3,2012.0,13,0,147.636,1.0,59.651616,0,73.7
179,19,1,18,11,3,1998.0,3,97,118.1088,0.0,55.92339,4534.0656,73.4
180,7,1,51,7,3,1996.0,0,67,85.3008,0.0,31.06855,4199.424,73.3
181,15,1,32,7,3,2006.0,3,103,150.9168,2.0,65.243955,1476.36,73.3
182,18,1,3,7,6,2003.0,3,0,95.1432,4.0,47.845567,2460.6,73.2
183,6,1,51,7,3,1992.0,3,68,72.1776,0.0,37.28226,4921.2,73.2
184,19,1,3,7,6,0,3,59,95.1432,7.0,52.816535,3198.78,73.0
185,9,1,49,7,3,1996.0,3,41,259.1832,0.0,80.77823,6709.236,72.9
186,9,1,51,7,3,1987.0,3,67,0,0.0,37.28226,0,72.4
187,19,1,34,7,3,1997.0,3,39,200.1288,0.0,74.56452,5597.0448,72.3
188,18,1,23,7,6,2005.0,12,76,68.8968,0.0,60.894358,2122.6776,71.9
189,18,1,18,11,3,2018.0,3,97,72.1776,0.0,44.117341,2027.5344,71.8
190,15,1,51,7,3,2008.0,3,0,82.02,0.0,49.70968,2427.792,71.8
191,19,1,3,7,3,1999.0,3,39,203.4096,0.0,73.321778,5058.9936,71.7
192,19,1,23,7,6,2002.0,13,80,206.6904,0.0,72.079036,0,71.5
193,19,1,3,7,8,0,3,11,223.0944,3.0,74.56452,3444.84,71.5
194,11,1,30,7,3,2012.0,3,0,65.616,0.0,43.49597,1515.7296,71.3
195,7,1,23,7,3,2007.0,12,76,62.3352,0.0,62.1371,2132.52,71.3
196,7,1,32,7,3,2002.0,17,0,55.7736,0.0,41.010486,1525.572,71.3
197,19,1,18,11,3,2008.0,3,0,82.02,0.0,47.845567,2713.2216,71.2
198,5,1,32,7,6,2011.0,3,103,150.9168,2.0,65.243955,492.12,70.9
199,4,1,23,7,6,2013.0,16,24,39.3696,0.0,52.816535,3280.8,70.8
200,19,1,18,11,3,2004.0,3,97,101.7048,0.0,55.302019,3231.588,70.7
201,19,1,18,11,3,2013.0,3,97,108.2664,0.0,54.059277,3198.78,70.6
202,19,1,50,7,3,1924.0,3,0,68.8968,0.0,55.302019,2641.044,70.3
203,19,1,3,7,6,1993.0,3,0,104.9856,5.0,50.331051,2693.5368,70.1
204,9,1,30,7,3,2010.0,0,0,62.3352,0.0,0,1919.268,69.7
205,19,1,46,7,6,1978.0,3,59,82.02,2.0,50.331051,3254.5536,69.6
206,19,1,21,11,3,2007.0,3,97,95.1432,0.0,50.952422,3234.8688,69.4
207,4,1,23,7,3,1997.0,0,67,62.3352,0.0,40.389115,0,69.1
208,19,1,43,7,6,2015.0,3,32,118.1088,0.0,37.903631,1017.048,69.1
209,19,1,3,7,6,1997.0,3,0,104.9856,5.0,50.331051,2700.0984,69.0
210,19,1,23,7,6,2001.0,13,80,150.9168,1.0,65.243955,629.9136,68.8
211,18,1,32,7,3,2004.0,3,0,59.0544,0.0,0,1771.632,68.7
212,19,1,15,7,3,2005.0,3,42,75.4584,0.0,32.311292,3451.4016,68.6
213,12,1,23,7,6,2006.0,12,76,131.232,3.0,55.92339,2263.752,68.4
214,19,1,38,7,3,2015.0,13,54,150.9168,1.0,62.1371,862.8504,68.3
215,19,1,3,7,6,1998.0,3,0,154.1976,6.0,65.243955,4370.0256,68.2
216,15,1,32,7,3,2005.0,3,0,72.1776,0.0,42.253228,2066.904,68.2
217,18,1,23,7,3,0,1,31,65.616,0.0,40.389115,2480.2848,68.0
218,19,1,51,7,2,2001.0,3,0,114.828,5.0,50.331051,3339.8544,68.0
219,19,1,23,7,6,2001.0,13,80,183.7248,0.0,70.214923,629.9136,67.9
220,19,1,43,7,6,2017.0,3,32,121.3896,0.0,37.903631,1017.048,67.7
221,19,0,51,7,2,2007.0,3,29,114.828,0.0,50.331051,3339.8544,67.6
222,3,1,51,7,3,0,3,22,45.9312,0.0,31.06855,1909.4256,67.5
223,9,1,34,7,3,2000.0,3,36,318.2376,0.0,95.069763,8133.1032,67.5
224,19,1,34,7,3,1999.0,3,65,150.9168,0.0,65.243955,3700.7424,67.4
225,4,1,51,0,6,2013.0,0,0,62.3352,0.0,46.602825,1486.2024,67.4
226,19,1,3,7,6,1992.0,3,0,101.7048,5.0,50.331051,2700.0984,67.0
227,19,1,32,7,3,2009.0,3,103,167.3208,0.0,65.243955,0,66.8
228,5,1,23,7,6,2007.0,3,105,85.3008,0.0,37.28226,465.8736,66.7
229,3,1,56,7,3,1999.0,0,67,68.8968,0.0,46.602825,2329.368,66.7
230,19,1,18,11,3,2000.0,3,97,88.5816,0.0,50.952422,3398.9088,66.7
231,7,1,19,7,3,2011.0,3,42,26.2464,0.0,22.369356,1312.32,66.6
232,18,1,51,0,4,0,0,0,65.616,0.0,0,1295.916,66.3
233,7,1,32,7,3,2004.0,3,103,150.9168,2.0,65.243955,492.12,66.2
234,19,1,2,7,3,1980.0,3,67,0,0.0,36.039518,2778.8376,66.2
235,2,1,3,7,6,2002.0,3,0,104.9856,5.0,50.331051,2700.0984,66.2
236,19,1,38,7,3,1999.0,13,55,78.7392,4.0,59.651616,2703.3792,66.0
237,19,1,20,7,3,2000.0,3,41,232.9368,0.0,85.127827,4494.696,65.8
238,19,1,18,11,3,2000.0,3,97,88.5816,0.0,50.952422,3398.9088,65.7
239,16,1,46,7,3,1988.0,3,33,104.9856,0.0,55.92339,2624.64,65.7
240,19,1,43,7,6,2016.0,3,32,121.3896,0.0,37.903631,1020.3288,65.7
241,11,2,46,7,3,1979.0,3,59,78.7392,1.0,46.602825,1942.2336,65.6
242,1,1,46,7,3,1982.0,13,85,137.7936,1.0,52.816535,853.008,65.5
243,19,1,2,7,3,1989.0,3,39,206.6904,0.0,72.079036,5104.9248,65.5
244,19,1,19,7,3,2014.0,7,57,0,0.0,34.796776,2427.792,65.4
245,19,1,52,7,3,1979.0,3,67,0,0.0,27.961695,2670.5712,65.4
246,10,1,16,7,3,1992.0,3,0,59.0544,0.0,31.06855,2493.408,65.3
247,19,1,23,7,3,1997.0,13,80,413.3808,0.0,99.41936,1233.5808,65.3
248,18,1,4,7,3,1991.0,3,67,157.4784,0.0,49.70968,7440.8544,65.2
249,19,1,30,7,3,2012.0,13,51,29.5272,0.0,43.49597,2788.68,65.0
250,19,1,3,7,6,2002.0,3,0,118.1088,5.0,55.302019,2601.6744,64.9
251,19,1,43,7,6,2017.0,3,32,118.1088,0.0,37.903631,1017.048,64.6
252,19,1,5,11,3,2000.0,3,97,150.9168,0.0,65.865326,5052.432,64.5
253,19,1,3,7,6,1995.0,3,0,104.9856,5.0,50.331051,2693.5368,64.3
254,19,1,46,7,3,1978.0,12,81,147.636,1.0,55.302019,800.5152,64.2
255,19,1,2,7,3,1975.0,3,0,88.5816,0.0,27.340324,3195.4992,64.0
256,11,1,27,7,3,2007.0,3,0,75.4584,0.0,0,1377.936,64.0
257,19,1,2,7,3,1975.0,3,0,88.5816,0.0,27.340324,3195.4992,64.0
258,19,1,20,7,3,2001.0,3,39,246.06,0.0,85.127827,5311.6152,63.9
259,19,1,19,7,6,2007.0,3,21,114.828,2.0,45.981454,1811.0016,63.8
260,13,1,51,7,3,0,0,22,65.616,0.0,46.602825,1486.2024,63.8
261,19,1,36,11,3,1999.0,3,97,101.7048,0.0,51.573793,3900.8712,63.7
262,19,1,3,7,6,1994.0,3,0,104.9856,5.0,49.70968,2700.0984,63.3
263,19,1,3,7,6,0,3,59,150.9168,7.0,62.758471,3986.172,63.1
264,19,1,51,7,6,1999.0,13,59,78.7392,3.0,59.651616,3369.3816,63.0
265,6,1,30,7,3,2011.0,3,0,72.1776,0.0,43.49597,1541.976,63.0
266,19,1,38,7,3,1996.0,13,45,75.4584,4.0,54.059277,2706.66,62.9
267,19,1,3,7,6,1997.0,3,0,108.2664,5.0,50.331051,2562.3048,62.3
268,4,1,23,7,3,2009.0,3,0,32.808,0.0,0,984.24,62.3
269,19,1,19,7,3,2012.0,3,21,101.7048,1.0,52.195164,1246.704,62.2
270,19,1,3,7,6,1996.0,3,0,144.3552,4.0,60.272987,3897.5904,62.1
271,19,1,3,7,6,1999.0,3,0,108.2664,2.0,54.059277,2998.6512,62.0
272,9,1,19,7,6,2011.0,13,21,141.0744,7.0,62.1371,3280.8,61.9
273,19,1,2,7,6,1993.0,3,0,78.7392,0.0,50.952422,2349.0528,61.8
274,19,1,5,11,3,2000.0,3,97,114.828,0.0,57.787503,4041.9456,61.8
275,7,1,32,7,3,2011.0,13,76,78.7392,3.0,49.70968,1509.168,61.8
276,19,1,46,7,3,1978.0,3,59,114.828,2.0,59.651616,3599.0376,61.5
277,7,1,57,7,3,2010.0,3,0,72.1776,0.0,52.816535,1738.824,61.4
278,19,1,23,7,6,2008.0,13,80,180.444,0.0,70.214923,705.372,61.3
279,7,1,10,11,3,2008.0,3,97,98.424,0.0,55.92339,2821.488,61.3
280,19,1,36,11,3,1995.0,3,97,101.7048,0.0,50.331051,3457.9632,61.1
281,19,1,51,7,3,2014.0,3,67,0,0.0,0,0,61.1
282,5,1,32,7,3,2008.0,3,0,55.7736,0.0,37.28226,1377.936,60.8
283,18,1,19,7,6,2006.0,3,21,114.828,2.0,59.030245,2001.288,60.8
284,10,1,46,7,3,1983.0,16,59,88.5816,0.0,49.70968,2985.528,60.7
285,19,1,3,7,2,2002.0,3,0,104.9856,2.0,50.952422,2755.872,60.7
286,4,1,57,7,3,0,3,31,0,0.0,0,0,60.6
287,9,1,49,7,6,1994.0,2,0,98.424,3.0,43.49597,1181.088,60.4
288,5,1,23,7,3,2003.0,13,80,98.424,0.0,43.49597,229.656,60.1
289,19,1,18,11,3,2009.0,3,97,101.7048,0.0,50.952422,3074.1096,60.0
290,18,1,19,7,6,2009.0,3,21,101.7048,3.0,55.302019,2362.176,59.9
291,7,1,19,7,3,1998.0,3,4,52.4928,0.0,31.06855,1574.784,59.7
292,16,1,23,7,6,2009.0,10,0,118.1088,0.0,37.28226,820.2,59.7
293,18,1,51,7,6,1999.0,3,59,150.9168,3.0,59.651616,0,59.6
294,19,1,30,7,3,1998.0,3,100,0,0.0,0,0,59.5
295,6,1,43,7,6,2011.0,3,18,98.424,2.0,41.010486,1377.936,59.5
296,19,1,3,7,6,2008.0,3,0,104.9856,5.0,49.70968,2700.0984,59.5
297,19,1,51,7,2,2004.0,3,0,114.828,5.0,50.952422,2765.7144,59.4
298,11,1,32,7,3,2007.0,13,103,49.212,2.0,43.49597,984.24,59.0
299,19,1,21,11,3,2015.0,3,80,65.616,0.0,41.010486,1197.492,58.9
300,6,1,32,7,3,0,3,42,52.4928,0.0,37.903631,1391.0592,58.5
301,1,1,19,7,3,2018.0,3,5,65.616,0.0,34.175405,1640.4,58.3
302,19,1,5,7,3,1995.0,3,0,68.8968,0.0,57.787503,1899.5832,58.2
303,6,1,35,7,3,2005.0,3,101,49.212,0.0,0,1246.704,58.2
304,19,1,2,4,3,1978.0,3,0,124.6704,0.0,59.651616,3936.96,58.0
305,7,1,30,7,3,0,15,22,85.3008,0.0,37.28226,3024.8976,57.8
306,1,1,19,7,3,2011.0,3,0,55.7736,0.0,34.175405,1312.32,57.4
307,19,1,3,7,6,1999.0,3,0,104.9856,5.0,50.331051,2700.0984,57.3
308,6,1,51,7,6,0,13,60,78.7392,3.0,57.166132,3402.1896,56.9
309,18,1,46,7,3,1987.0,3,0,49.212,0.0,40.389115,1837.248,56.8
310,16,0,23,7,6,2005.0,12,76,78.7392,2.0,46.602825,1443.552,56.7
311,19,1,18,11,3,2006.0,3,97,88.5816,0.0,47.845567,2828.0496,56.5
312,19,1,51,7,6,2012.0,2,72,190.2864,3.0,65.865326,1204.0536,56.5
313,16,1,19,7,3,2003.0,3,4,68.8968,0.0,34.175405,1410.744,56.2
314,11,1,19,7,3,2012.0,3,0,49.212,0.0,0,1181.088,55.9
315,3,1,51,7,3,2005.0,0,0,101.7048,0.0,0,3451.4016,55.6
316,7,1,46,7,3,1979.0,3,59,85.3008,1.0,49.088309,2431.0728,55.5
317,18,1,19,7,3,2006.0,3,4,55.7736,0.0,31.06855,1476.36,55.2
318,19,1,23,11,3,1981.0,3,97,124.6704,0.0,65.865326,4648.8936,55.2
319,19,1,5,11,0,2001.0,2,0,55.7736,0.0,44.738712,2099.712,55.0
320,19,1,30,7,3,2007.0,3,89,62.3352,0.0,37.28226,1410.744,55.0
321,5,1,50,11,3,1951.0,3,97,75.4584,0.0,37.28226,3149.568,55.0
322,7,1,30,7,3,0,9,15,45.9312,0.0,19.262501,1656.804,54.8
323,14,1,51,7,6,2010.0,10,59,0,0.0,0,0,54.6
324,7,1,19,7,3,2003.0,3,4,59.0544,0.0,43.49597,1640.4,54.5
325,2,0,49,7,6,1985.0,3,0,88.5816,1.0,50.952422,2207.9784,54.5
326,12,1,51,11,3,2001.0,3,97,104.9856,0.0,57.787503,3116.76,54.3
327,19,1,43,7,6,2017.0,3,32,121.3896,0.0,37.903631,1017.048,54.1
328,9,1,49,7,6,0,3,0,95.1432,3.0,44.117341,1377.936,54.0
329,7,1,51,7,3,2016.0,0,7,82.02,0.0,38.525002,688.968,53.9
330,0,1,51,7,3,1994.0,3,96,62.3352,0.0,43.49597,1804.44,53.9
331,19,1,19,7,3,2008.0,3,0,52.4928,0.0,31.06855,1351.6896,53.4
332,15,1,23,7,6,2007.0,12,0,45.9312,1.0,83.885085,2952.72,53.3
333,18,1,19,7,6,2007.0,3,21,72.1776,3.0,43.49597,1184.3688,53.1
334,1,0,13,7,3,2007.0,17,93,180.444,0.0,37.28226,2368.7376,53.0
335,19,4,18,11,3,2009.0,3,97,101.7048,0.0,55.302019,2851.0152,52.8
336,19,1,2,7,6,1978.0,3,59,127.9512,2.0,59.651616,3238.1496,52.7
337,5,1,56,7,3,2010.0,16,0,0,0.0,42.253228,0,52.7
338,19,1,5,11,3,1993.0,3,97,65.616,0.0,47.845567,2798.5224,52.6
339,6,1,19,7,3,2012.0,0,80,0,0.0,0,0,52.6
340,4,1,43,7,3,2004.0,3,0,65.616,0.0,46.602825,2040.6576,52.5
341,19,1,38,7,3,2005.0,13,52,45.0,0.0,39.767744,0,52.4
342,18,1,51,1,4,0,0,0,656.16,0.0,0,65.616,52.3
343,19,1,2,7,4,1959.0,3,4,78.7392,0.0,26.718953,2037.3768,52.2
344,19,1,36,7,3,1946.0,3,0,85.3008,0.0,50.331051,3359.5392,52.1
345,19,1,57,7,3,2015.0,3,0,98.424,4.0,55.302019,1975.0416,52.0
346,6,1,51,7,6,1995.0,12,60,101.7048,3.0,43.49597,3280.8,52.0
347,19,1,11,11,3,1990.0,3,97,88.5816,0.0,52.816535,2851.0152,51.9
348,6,1,51,7,6,2012.0,3,47,131.232,3.0,49.70968,1017.048,51.6
349,9,1,46,7,3,1980.0,11,81,134.5128,1.0,52.816535,853.008,51.5
350,15,1,19,7,3,2012.0,3,67,55.7736,0.0,0,1476.36,51.3
351,2,1,38,7,3,2005.0,13,22,45.9312,0.0,39.767744,1958.6376,51.3
352,19,1,38,7,3,2006.0,13,0,45.9312,0.0,39.767744,1958.6376,51.2
353,19,1,18,4,3,2017.0,0,97,75.4584,0.0,47.845567,0,51.1
354,19,1,5,11,3,1995.0,3,97,108.2664,0.0,47.845567,2729.6256,51.1
355,9,1,23,7,6,2005.0,3,59,52.4928,1.0,37.28226,1968.48,51.0
356,19,1,19,7,3,2007.0,3,90,52.4928,0.0,31.06855,1351.6896,51.0
357,19,1,19,7,3,2011.0,3,21,95.1432,3.0,52.195164,2099.712,50.9
358,15,1,30,7,3,2009.0,0,104,52.4928,0.0,37.28226,1574.784,50.8
359,6,1,5,11,3,1997.0,3,97,98.424,0.0,52.195164,4045.2264,50.8
360,19,1,38,7,3,1996.0,13,55,75.4584,4.0,54.059277,2706.66,50.8
361,19,1,34,7,3,1998.0,3,39,206.6904,0.0,74.56452,5577.36,50.5
362,18,1,2,7,6,1990.0,3,0,55.7736,0.0,45.981454,2349.0528,50.4
363,19,1,32,7,3,2013.0,3,0,49.212,0.0,39.767744,1410.744,50.4
364,19,1,36,11,3,1964.0,3,74,78.7392,0.0,39.767744,2559.024,50.2
365,18,1,32,7,3,2004.0,3,0,55.7736,0.0,37.28226,1476.36,50.2
366,6,1,19,0,3,2018.0,3,0,36.0888,0.0,0,1312.32,50.2
367,4,1,30,7,3,2011.0,3,0,91.8624,0.0,43.49597,1492.764,49.9
368,7,1,19,7,7,2004.0,3,4,55.7736,0.0,34.175405,1745.3856,49.8
369,16,1,51,7,3,0,0,22,65.616,0.0,34.175405,1312.32,49.7
370,19,1,46,7,3,1977.0,3,59,0,1.0,0,0,49.7
371,13,1,23,7,4,2018.0,17,0,164.04,0.0,68.35081,0,49.6
372,19,1,19,7,3,2007.0,3,0,52.4928,0.0,31.06855,1351.6896,49.5
373,19,1,0,7,3,1921.0,3,0,68.8968,0.0,44.738712,2132.52,49.2
374,19,1,46,7,3,1981.0,3,59,65.616,1.0,49.70968,1811.0016,49.1
375,7,1,30,7,3,2006.0,0,97,49.212,0.0,40.389115,1312.32,49.1
376,11,1,51,7,6,2000.0,13,0,85.3008,3.0,55.92339,3267.6768,48.9
377,8,1,51,7,6,0,3,47,131.232,3.0,49.70968,1017.048,48.7
378,1,1,51,11,3,2001.0,3,97,91.8624,0.0,49.70968,3395.628,48.7
379,19,1,36,7,3,1994.0,3,0,95.1432,0.0,55.302019,4196.1432,48.6
380,18,1,2,7,6,1979.0,0,80,55.7736,1.0,44.738712,633.1944,48.3
381,9,1,33,0,0,1998.0,3,0,131.232,0.0,60.894358,5459.2512,48.3
382,19,1,2,7,7,1959.0,3,4,78.7392,0.0,26.718953,2132.52,48.3
383,9,1,23,7,3,2000.0,3,0,121.3896,0.0,55.92339,4376.5872,48.3
384,19,1,38,7,6,1999.0,13,55,78.7392,4.0,60.272987,2706.66,48.3
385,19,1,43,7,7,2008.0,3,0,95.1432,3.0,40.389115,0,48.0
386,8,1,23,7,4,2003.0,2,0,55.7736,0.0,37.28226,2296.56,47.8
387,7,1,30,7,3,0,3,22,75.4584,0.0,43.49597,2742.7488,47.8
388,8,1,23,7,3,2012.0,17,0,164.04,0.0,68.35081,0,47.7
389,4,1,0,7,3,1932.0,2,0,72.1776,0.0,46.602825,3238.1496,47.7
390,4,1,19,7,7,2002.0,0,4,0,0.0,0,0,47.7
391,11,1,51,7,3,2004.0,13,70,49.212,0.0,46.602825,1968.48,47.4
392,19,1,36,11,3,1972.0,3,0,88.5816,0.0,60.894358,3412.032,47.4
393,19,1,51,7,3,0,0,22,65.616,0.0,34.175405,1295.916,47.3
394,18,1,30,7,3,1988.0,3,0,65.616,0.0,31.06855,1492.764,47.3
395,19,1,2,4,3,1978.0,3,0,124.6704,0.0,59.651616,3936.96,47.3
396,19,1,46,7,4,1976.0,10,86,68.8968,0.0,42.253228,3100.356,47.2
397,4,1,19,7,3,2007.0,3,0,52.4928,0.0,34.175405,1302.4776,46.5
398,19,0,51,7,6,2012.0,3,84,131.232,3.0,49.70968,1017.048,46.3
399,5,1,51,7,6,2005.0,2,80,118.1088,3.0,47.224196,935.028,46.2
400,19,1,19,7,3,2004.0,3,87,55.7736,0.0,31.06855,1345.128,46.2
401,19,1,14,11,3,1941.0,3,97,68.8968,0.0,0,2864.1384,46.0
402,17,1,32,7,3,2010.0,13,0,0,0.0,0,3280.8,45.8
403,1,1,57,7,3,2013.0,0,0,49.212,0.0,31.06855,1640.4,45.8
404,19,1,38,7,3,2010.0,13,51,95.1432,3.0,49.70968,2099.712,45.7
405,6,1,35,7,3,2000.0,0,0,49.212,0.0,43.49597,1082.664,45.7
406,19,1,5,11,3,1997.0,3,97,88.5816,0.0,60.272987,2900.2272,45.6
407,2,1,2,7,6,1991.0,3,0,91.8624,0.0,55.302019,2559.024,45.4
408,19,1,36,11,3,1975.0,3,0,85.3008,0.0,55.92339,3369.3816,44.8
409,19,1,30,7,3,2016.0,17,0,68.8968,0.0,40.389115,2099.712,44.7
410,19,1,46,7,3,1976.0,0,59,111.5472,1.0,55.302019,3457.9632,44.5
411,19,1,25,7,3,1927.0,3,0,72.1776,0.0,0,2250.6288,44.3
412,18,1,55,11,3,1923.0,3,0,59.0544,0.0,0,3300.4848,44.2
413,19,1,36,11,3,1976.0,3,97,111.5472,0.0,62.1371,3871.344,43.6
414,6,1,30,7,3,2001.0,3,0,101.7048,0.0,37.28226,2952.72,43.6
415,11,1,20,7,3,1985.0,3,0,65.616,0.0,37.28226,1719.1392,43.6
416,7,1,30,7,3,1999.0,17,101,52.4928,0.0,34.796776,1256.5464,43.1
417,9,1,49,7,6,1991.0,3,0,124.6704,0.0,0,2624.64,43.0
418,1,1,19,7,6,2004.0,3,21,85.3008,4.0,49.70968,2198.136,42.9
419,19,1,2,7,6,1988.0,3,0,59.0544,0.0,54.680648,2706.66,42.8
420,19,1,23,0,4,2017.0,16,0,62.3352,0.0,44.117341,2598.3936,42.7
421,19,1,3,7,6,2011.0,3,0,154.1976,5.0,63.379842,4156.7736,42.5
422,6,1,57,7,3,0,0,22,0,0.0,0,0,42.3
423,19,1,5,11,3,1994.0,3,0,78.7392,0.0,50.952422,2890.3848,41.6
424,0,1,32,7,3,2013.0,0,102,36.0888,0.0,21.747985,984.24,41.5
425,1,1,51,7,3,1992.0,3,67,45.9312,0.0,29.825808,2575.428,41.5
426,18,1,50,11,7,0,3,97,0,0.0,0,0,41.5
427,11,1,51,7,3,1998.0,3,19,82.02,0.0,40.389115,3936.96,41.5
428,6,1,51,7,3,2011.0,0,83,65.616,0.0,37.28226,606.948,41.4
429,7,1,30,7,3,1994.0,3,0,88.5816,0.0,32.932663,3247.992,41.4
430,17,1,32,7,3,2010.0,13,0,0,0.0,0,3280.8,41.3
431,13,1,51,7,3,2017.0,3,83,75.4584,0.0,37.28226,682.4064,41.3
432,18,1,51,7,3,2011.0,0,80,65.616,0.0,34.175405,590.544,41.1
433,15,1,23,7,6,1999.0,3,0,98.424,3.0,49.70968,2624.64,41.0
434,19,1,5,7,3,1996.0,3,0,0,0.0,0,984.24,40.9
435,1,1,51,7,3,1989.0,0,42,85.3008,0.0,31.06855,2362.176,40.9
436,19,1,3,7,6,1991.0,3,0,91.8624,2.0,39.767744,1919.268,40.9
437,19,1,32,7,3,2004.0,3,0,52.4928,0.0,37.28226,1391.0592,40.7
438,18,1,8,7,3,1935.0,3,0,62.3352,0.0,39.767744,3300.4848,40.6
439,18,1,2,7,3,1994.0,3,39,213.252,0.0,74.56452,5495.34,40.3
440,4,1,19,7,3,2003.0,2,21,72.1776,1.0,44.738712,1404.1824,40.1
441,12,1,30,8,3,2003.0,0,0,95.1432,0.0,47.224196,1099.068,40.1
442,9,1,46,7,3,1982.0,2,64,82.02,1.0,47.845567,1942.2336,40.1
443,19,3,24,11,3,1978.0,3,74,124.6704,0.0,62.1371,4324.0944,40.0
444,18,1,8,11,4,1933.0,3,74,62.3352,0.0,37.28226,2296.56,39.9
445,19,1,2,7,3,1993.0,3,67,82.02,0.0,47.845567,3021.6168,39.8
446,19,1,19,7,3,2005.0,3,88,55.7736,0.0,31.06855,1345.128,39.7
447,7,1,30,7,3,1984.0,0,14,19.6848,0.0,27.961695,866.1312,39.6
448,6,1,30,7,3,2011.0,3,101,45.9312,0.0,27.961695,1213.896,39.5
449,18,1,51,7,6,2006.0,3,0,124.6704,4.0,54.680648,2201.4168,39.5
450,7,1,57,7,3,2002.0,0,0,52.4928,0.0,37.28226,2821.488,39.5
451,19,1,42,7,3,1999.0,3,91,42.6504,0.0,29.204437,1377.936,39.4
452,10,1,46,7,4,0,3,0,0,0.0,0,0,39.2
453,19,1,0,7,3,1924.0,3,0,95.1432,0.0,55.302019,2887.104,39.2
454,19,1,50,7,3,1972.0,0,0,0,0.0,0,0,39.1
455,16,1,43,7,4,2009.0,3,17,65.616,0.0,24.85484,1640.4,39.1
456,7,1,30,7,3,2005.0,3,100,98.424,0.0,49.70968,1279.512,39.0
457,7,1,30,7,3,1997.0,15,87,91.8624,0.0,49.70968,3215.184,38.6
458,7,3,30,7,3,0,15,22,85.3008,0.0,37.28226,2877.2616,38.5
459,19,1,5,7,7,1996.0,0,0,59.0544,0.0,0,0,38.4
460,11,1,19,7,6,2009.0,0,21,72.1776,2.0,0,1049.856,38.4
461,19,1,30,7,3,2008.0,3,101,0,0.0,0,1213.896,38.4
462,0,1,51,7,3,1992.0,3,8,118.1088,3.0,47.224196,935.028,38.1
463,7,1,46,7,3,0,3,22,49.212,0.0,31.06855,1837.248,38.1
464,19,1,32,7,3,2015.0,3,0,0,0.0,40.389115,1400.9016,37.9
465,19,1,34,7,3,1996.0,3,0,55.7736,0.0,34.796776,1299.1968,37.9
466,8,1,51,7,3,2008.0,3,67,45.9312,0.0,31.06855,3379.224,37.7
467,15,1,5,11,3,1997.0,3,97,85.3008,0.0,45.981454,3126.6024,37.6
468,18,1,23,7,6,1994.0,3,0,118.1088,4.0,49.70968,1640.4,37.6
469,19,1,25,7,3,1990.0,3,0,98.424,0.0,52.816535,3999.2952,37.6
470,15,1,5,11,3,1997.0,3,97,85.3008,0.0,44.738712,3100.356,37.2
471,19,1,36,11,3,1923.0,3,97,78.7392,0.0,39.767744,2772.276,37.2
472,19,1,36,7,3,1974.0,3,0,36.0888,0.0,34.796776,1384.4976,37.1
473,2,1,1,7,3,0,3,31,59.0544,0.0,0,1000.644,37.0
474,19,1,51,7,6,0,3,82,160.7592,3.0,50.331051,1013.7672,36.8
475,19,1,50,7,3,1978.0,0,0,0,0.0,0,0,36.6
476,1,1,51,7,3,0,3,95,0,0.0,0,1870.056,36.6
477,19,1,50,11,3,1927.0,3,97,85.3008,0.0,60.272987,2851.0152,36.2
478,18,1,23,7,6,2002.0,3,71,98.424,10.0,44.738712,2788.68,36.2
479,1,1,32,7,3,2011.0,3,0,55.7736,0.0,34.175405,1410.744,36.0
480,6,1,53,7,5,2007.0,2,0,0,0.0,0,1427.148,35.9
481,1,1,30,7,3,2006.0,17,0,78.7392,0.0,42.253228,984.24,35.9
482,2,0,23,7,6,1995.0,3,0,85.3008,1.0,47.845567,2575.428,35.7
483,19,1,2,7,3,1991.0,3,67,62.3352,0.0,34.796776,2962.5624,35.7
484,6,1,51,7,3,1988.0,2,82,118.1088,3.0,47.224196,935.028,35.5
485,19,1,30,7,3,2008.0,3,101,0,0.0,0,1213.896,35.5
486,19,1,30,7,3,1988.0,0,4,60.0,0.0,35.0,0,35.4
487,5,0,38,7,3,2001.0,3,0,78.7392,0.0,37.28226,1082.664,35.1
488,18,1,43,7,6,2009.0,3,18,98.424,2.0,0,0,34.9
489,19,1,54,7,3,1980.0,3,0,72.1776,0.0,52.816535,2673.852,34.6
490,19,1,18,11,3,1996.0,3,97,88.5816,0.0,50.331051,3182.376,34.5
491,8,1,30,0,4,0,0,0,0,0.0,0,0,34.5
492,19,1,23,7,3,1986.0,3,0,59.0544,0.0,31.689921,1489.4832,34.4
493,19,1,36,11,3,1975.0,3,97,0,0.0,0,1354.9704,34.1
494,6,1,30,7,3,1998.0,15,42,59.0544,0.0,37.28226,2624.64,34.0
495,7,1,51,7,3,1996.0,3,0,65.616,0.0,0,1345.128,33.5
496,19,1,50,11,3,1982.0,3,97,88.5816,0.0,0,3149.568,33.4
497,6,1,23,7,6,2010.0,13,38,82.02,0.0,0,269.0256,33.1
498,11,0,51,11,3,2000.0,3,74,104.9856,0.0,49.70968,3280.8,32.9
499,19,1,30,7,3,2007.0,3,0,98.424,0.0,49.70968,0,32.7
500,7,1,51,7,3,2007.0,3,23,42.6504,0.0,0,964.5552,32.5
501,19,1,36,11,3,1975.0,3,0,85.3008,0.0,55.92339,3369.3816,32.3
502,19,1,56,7,7,2011.0,11,69,65.616,0.0,39.767744,1194.2112,32.3
503,19,0,47,7,3,2002.0,2,0,68.8968,0.0,20.505243,1299.1968,32.2
504,7,1,19,7,6,2010.0,3,21,104.9856,5.0,52.816535,1837.248,32.1
505,11,1,51,7,6,2000.0,3,82,114.828,3.0,46.602825,935.028,32.0
506,6,2,37,7,6,2002.0,3,0,65.616,2.0,43.49597,1312.32,32.0
507,18,1,30,7,6,1992.0,0,14,19.6848,0.0,22.369356,1000.644,31.8
508,18,1,51,7,3,2005.0,12,0,55.7736,0.0,52.195164,2109.5544,31.6
509,7,1,30,2,0,1998.0,0,0,0,0.0,27.961695,0,31.4
510,19,1,56,7,7,2008.0,11,69,42.6504,0.0,37.28226,1312.32,31.4
511,0,1,37,7,3,1997.0,3,0,68.8968,0.0,0,2559.024,31.2
512,19,1,31,7,3,2004.0,3,0,39.3696,0.0,32.311292,1364.8128,30.9
513,6,1,48,7,3,1987.0,3,68,39.3696,0.0,37.28226,1312.32,30.9
514,0,1,50,11,4,1950.0,3,22,49.212,0.0,34.175405,1476.36,30.8
515,19,1,36,11,3,1951.0,3,97,36.0888,0.0,24.85484,1299.1968,30.8
516,19,3,11,11,3,1990.0,3,97,95.1432,0.0,50.331051,2969.124,30.8
517,19,1,2,7,6,1987.0,3,0,75.4584,0.0,39.767744,2821.488,30.8
518,7,1,30,7,3,1985.0,3,4,62.3352,0.0,31.06855,1597.7496,30.6
519,4,1,30,7,3,1985.0,10,35,0,0.0,37.28226,984.24,30.3
520,19,1,2,7,3,2001.0,3,101,0,0.0,0,1256.5464,30.0
521,5,1,57,7,3,2000.0,0,0,22.9656,0.0,24.85484,1181.088,29.9
522,6,1,48,7,0,0,3,22,39.3696,0.0,31.06855,1246.704,29.6
523,6,1,48,7,3,2004.0,3,0,0,0.0,0,0,29.4
524,6,1,30,7,3,1992.0,10,14,26.2464,0.0,22.369356,0,29.3
525,19,1,3,7,6,2012.0,3,0,101.7048,2.0,55.302019,2900.2272,29.2
526,16,1,32,0,3,2011.0,0,0,36.0888,0.0,22.369356,984.24,29.1
527,1,1,53,0,4,2017.0,2,0,82.02,0.0,24.85484,1607.592,29.1
528,19,1,18,7,3,1998.0,3,0,88.5816,0.0,50.331051,3198.78,29.0
529,1,1,53,3,4,2017.0,0,0,82.02,0.0,24.85484,1607.592,29.0
530,7,1,51,7,3,1993.0,3,0,52.4928,0.0,31.06855,1712.5776,28.8
531,19,1,36,11,3,1973.0,3,0,104.9856,0.0,57.166132,3451.4016,28.2
532,19,1,57,7,3,1995.0,0,22,65.616,0.0,34.796776,2601.6744,28.2
533,6,1,48,7,3,2003.0,3,22,55.7736,0.0,34.175405,1640.4,28.1
534,19,1,26,7,3,1986.0,3,0,91.8624,0.0,55.302019,3251.2728,27.9
535,19,1,36,11,3,1972.0,3,97,0,0.0,0,1348.4088,27.8
536,15,1,2,7,3,1995.0,3,67,55.7736,0.0,0,3307.0464,27.5
537,5,1,28,7,3,2003.0,3,0,52.4928,0.0,0,918.624,27.5
538,11,1,51,7,3,2001.0,0,20,30.0,0.0,0,0,27.5
539,13,1,51,7,6,0,3,78,108.2664,5.0,49.70968,2260.4712,27.3
540,11,1,30,7,3,2005.0,10,14,36.0888,0.0,0,859.5696,27.3
541,7,1,57,7,0,0,0,26,29.5272,0.0,24.85484,728.3376,27.3
542,7,1,30,7,3,1985.0,0,14,19.6848,0.0,27.961695,1213.896,27.2
543,8,0,51,7,3,2001.0,0,48,42.6504,0.0,28.583066,1099.068,26.9
544,8,1,32,7,3,2011.0,3,0,55.7736,0.0,36.039518,1410.744,26.9
545,8,1,51,7,3,2011.0,3,67,45.9312,0.0,29.825808,2234.2248,26.8
546,2,1,51,7,6,0,0,22,49.212,0.0,26.097582,1122.0336,26.7
547,4,1,30,7,3,2002.0,3,101,52.4928,0.0,34.796776,1312.32,26.6
548,11,1,51,7,3,1996.0,0,0,0,0.0,27.961695,1000.644,26.2
549,19,3,11,11,3,1991.0,3,97,160.7592,0.0,62.1371,5426.4432,26.2
550,3,1,23,7,6,2011.0,13,38,82.02,0.0,0,262.464,25.9
551,19,1,30,7,3,2016.0,0,104,0,0.0,0,984.24,25.7
552,19,1,38,7,3,1996.0,3,0,52.4928,0.0,39.767744,1496.0448,25.7
553,19,1,2,7,3,1971.0,3,67,68.8968,0.0,34.796776,2591.832,25.6
554,19,0,23,7,3,1985.0,3,0,62.3352,0.0,39.767744,1932.3912,25.3
555,19,1,11,11,3,1989.0,3,97,101.7048,0.0,52.816535,4232.232,24.9
556,1,1,30,7,3,2000.0,10,14,32.808,0.0,22.369356,1709.2968,24.8
557,2,1,36,11,3,1981.0,3,97,88.5816,0.0,55.92339,3828.6936,24.8
558,11,0,30,7,3,2000.0,3,101,45.9312,0.0,27.961695,1213.896,24.7
559,19,1,2,7,3,1974.0,3,67,0,0.0,0,0,24.6
560,12,1,51,7,3,2012.0,0,0,42.6504,0.0,28.583066,1099.068,24.6
561,9,1,51,7,6,1994.0,3,0,0,0.0,0,0,24.6
562,6,1,42,7,3,0,3,101,42.6504,0.0,29.204437,1377.936,24.6
563,8,1,51,7,6,1985.0,3,59,98.424,4.0,43.49597,2296.56,24.4
564,6,1,51,7,6,2004.0,3,59,98.424,4.0,40.389115,0,24.3
565,6,2,46,7,3,1995.0,10,0,49.212,0.0,40.389115,1476.36,24.1
566,7,1,57,7,3,0,0,22,0,0.0,0,1640.4,24.0
567,6,1,23,7,6,1993.0,3,59,59.0544,1.0,36.039518,1856.9328,23.9
568,13,1,48,7,1,2007.0,3,59,0,2.0,0,0,23.8
569,19,1,49,7,6,1997.0,3,59,203.4096,2.0,67.108068,4776.8448,23.7
570,6,1,51,7,3,2014.0,0,0,36.0888,0.0,0,721.776,23.7
571,15,1,30,7,0,2009.0,3,101,45.9312,0.0,27.961695,1213.896,23.6
572,6,1,30,7,3,2007.0,3,101,45.9312,0.0,27.961695,1213.896,23.2
573,19,4,23,7,6,2011.0,3,105,108.2664,0.0,37.28226,826.7616,23.2
574,4,1,57,7,7,1980.0,0,0,0,0.0,0,0,23.0
575,18,1,8,7,3,1934.0,3,0,0,0.0,0,2296.56,22.8
576,19,3,36,11,3,1994.0,3,97,82.02,0.0,49.70968,3156.1296,22.6
577,19,1,51,7,6,2009.0,3,82,118.1088,3.0,47.224196,935.028,22.4
578,19,1,22,7,6,1991.0,3,64,88.5816,2.0,0,2250.6288,22.4
579,11,1,51,7,6,1981.0,3,58,95.1432,4.0,46.602825,2460.6,22.2
580,19,1,51,7,3,2004.0,0,0,42.6504,0.0,28.583066,1099.068,22.2
581,6,1,30,7,3,2009.0,0,14,0,0.0,0,0,22.1
582,2,1,36,11,3,1981.0,3,97,42.6504,0.0,34.796776,1354.9704,22.1
583,2,1,54,11,3,1985.0,3,97,127.9512,0.0,59.651616,3996.0144,22.0
584,7,1,32,7,3,1997.0,3,101,49.212,0.0,27.961695,1213.896,21.8
585,6,1,48,7,3,1999.0,10,14,0,0.0,24.85484,0,21.7
586,4,1,42,7,3,2001.0,3,0,42.6504,0.0,29.204437,1377.936,21.7
587,4,1,30,7,3,1997.0,10,14,0,0.0,0,0,21.6
588,7,1,30,7,3,2002.0,3,101,52.4928,0.0,34.796776,1312.32,21.6
589,19,1,56,7,6,2010.0,3,91,0,0.0,0,1378.0,21.5
590,7,1,32,7,7,2013.0,0,0,0,0.0,0,0,21.2
591,19,1,5,7,3,1994.0,3,0,82.02,0.0,50.331051,3156.1296,20.9
592,19,0,49,7,6,1986.0,3,92,95.1432,1.0,50.331051,2230.944,20.9
593,1,1,30,7,3,2004.0,10,14,45.9312,0.0,22.369356,1476.36,20.6
594,4,1,30,10,4,0,0,0,0,0.0,0,0,20.5
595,6,1,42,7,3,0,3,101,19.6848,0.0,0,0,20.5
596,18,1,32,7,3,1998.0,3,101,49.212,0.0,27.961695,1213.896,20.2
597,19,1,30,7,3,2002.0,3,101,45.9312,0.0,27.961695,1213.896,20.2
598,19,1,23,11,3,1996.0,0,97,39.3696,0.0,32.932663,0,20.0
599,5,1,17,10,0,2011.0,3,0,32.808,0.0,0,1377.936,19.9
600,7,1,30,7,3,2000.0,3,101,45.9312,0.0,27.961695,1213.896,19.9
601,6,1,48,7,3,2003.0,3,0,0,0.0,0,0,19.8
602,2,1,30,7,3,1999.0,3,101,52.4928,0.0,34.796776,1312.32,19.8
603,19,1,2,7,6,1990.0,3,59,187.0056,7.0,69.593552,3828.6936,19.7
604,19,1,9,7,3,1927.0,3,0,85.3008,0.0,47.845567,2746.0296,19.6
605,19,1,5,11,7,2002.0,3,0,36.0888,0.0,19.883872,1400.9016,19.6
606,6,1,51,7,3,2003.0,0,49,29.5272,0.0,21.747985,679.1256,19.5
607,18,1,30,7,3,1987.0,0,14,19.6848,0.0,22.369356,803.796,19.4
608,7,1,51,7,3,1988.0,3,43,26.2464,0.0,31.06855,4199.424,19.2
609,15,1,56,7,3,0,10,14,0,0.0,0,0,18.8
610,14,1,51,7,3,2010.0,3,48,0,0.0,0,1148.28,18.7
611,2,1,36,11,3,1981.0,3,97,82.02,0.0,55.92339,3149.568,18.7
612,4,1,51,7,3,1992.0,0,0,42.6504,0.0,28.583066,1099.068,18.5
613,19,1,51,7,3,1999.0,0,50,42.6504,0.0,28.583066,1099.068,18.5
614,19,0,18,11,3,1999.0,3,97,88.5816,0.0,50.331051,3398.9088,18.4
615,4,1,45,7,6,2008.0,3,0,68.8968,3.0,40.389115,1312.32,18.4
616,19,1,30,7,3,2002.0,3,101,52.4928,0.0,34.796776,1312.32,18.3
617,2,1,30,7,3,1981.0,9,14,32.808,0.0,39.767744,1082.664,18.2
618,19,1,51,7,6,2001.0,3,0,49.212,0.0,26.097582,1122.0336,18.0
619,19,1,3,7,6,1992.0,3,0,88.5816,2.0,50.331051,2040.6576,17.9
620,6,2,48,7,3,1987.0,3,0,0,0.0,0,0,17.8
621,6,1,57,7,3,0,0,22,36.0888,0.0,26.097582,1345.128,17.6
622,6,1,56,7,3,2002.0,3,101,0,0.0,0,721.776,17.4
623,19,1,32,7,3,2000.0,3,101,49.212,0.0,27.961695,1213.896,17.4
624,2,1,23,7,3,1994.0,0,0,0,0.0,0,0,17.4
625,6,1,51,7,6,0,3,59,78.7392,3.0,39.767744,0,17.4
626,19,1,30,7,3,1999.0,3,101,45.9312,0.0,27.961695,1213.896,17.3
627,1,1,51,7,3,1990.0,0,0,42.6504,0.0,27.961695,1099.068,17.3
628,14,1,47,7,3,0,3,22,0,0.0,0,0,17.1
629,2,1,51,7,6,0,3,78,111.5472,5.0,49.70968,2260.4712,17.0
630,11,1,57,7,3,2005.0,0,0,29.5272,0.0,24.233469,728.3376,17.0
631,19,1,30,7,3,2004.0,3,101,45.9312,0.0,27.961695,1213.896,17.0
632,0,1,19,7,3,0,17,42,32.808,0.0,24.85484,774.2688,17.0
633,5,1,30,7,3,2004.0,0,0,55.7736,0.0,36.039518,1102.3488,17.0
634,18,1,57,7,3,1999.0,0,97,42.0,0.0,0,0,16.5
635,8,1,46,7,3,2010.0,10,0,36.0888,0.0,0,1361.532,16.3
636,5,1,30,7,3,1990.0,10,14,22.9656,0.0,22.990727,961.2744,16.3
637,18,0,51,7,6,1980.0,3,9,75.4584,2.0,39.767744,2401.5456,15.9
638,18,1,51,7,3,1996.0,0,26,42.6504,0.0,27.961695,1312.32,15.9
639,7,1,6,7,3,2001.0,17,0,0,0.0,0,0,15.9
640,19,1,2,4,3,1973.0,3,67,0,0.0,0,2398.2648,15.7
641,8,1,17,7,3,2016.0,3,0,45.9312,0.0,7.456452,0,15.6
642,19,1,56,7,3,2005.0,3,101,42.6504,0.0,29.204437,1377.936,15.6
643,2,1,2,7,6,1981.0,3,59,78.7392,4.0,50.331051,2158.7664,15.5
644,18,4,32,7,3,2005.0,3,59,82.02,3.0,43.49597,1263.108,15.5
645,19,1,2,7,3,2003.0,3,67,55.7736,0.0,44.738712,2001.288,15.3
646,1,0,30,7,0,0,3,101,45.9312,0.0,27.961695,1213.896,14.9
647,7,1,51,7,6,1983.0,3,12,98.424,4.0,39.146373,2316.2448,14.9
648,6,1,56,7,3,2007.0,3,101,42.6504,0.0,33.554034,0,14.6
649,19,1,2,7,6,1976.0,3,59,101.7048,4.0,50.331051,2129.2392,14.6
650,19,1,2,4,3,1969.0,3,67,49.212,0.0,31.06855,2539.3392,14.6
651,19,1,46,0,3,1984.0,3,0,45.9312,0.0,31.06855,1765.0704,14.4
652,19,1,2,7,6,1991.0,3,59,144.3552,4.0,50.331051,2700.0984,14.2
653,10,1,48,7,3,1992.0,9,16,0,0.0,0,0,14.2
654,19,1,54,7,3,1978.0,3,0,91.8624,0.0,57.787503,2841.1728,14.1
655,19,1,51,7,3,1993.0,0,0,29.5272,0.0,21.747985,679.1256,14.1
656,6,1,48,7,3,1987.0,3,0,16.404,0.0,0,656.16,13.9
657,19,1,32,7,3,2011.0,3,101,49.212,0.0,27.961695,1213.896,13.7
658,19,0,18,11,3,1999.0,3,97,104.9856,0.0,49.70968,3510.456,13.7
659,19,0,12,11,3,1979.0,3,97,95.1432,0.0,55.92339,3198.78,13.6
660,16,1,30,2,0,1987.0,0,0,0,0.0,0,0,13.6
661,11,1,32,7,3,2001.0,0,0,0,0.0,0,0,13.3
662,1,1,51,7,6,1984.0,2,82,118.1088,3.0,47.224196,935.028,13.0
663,13,1,50,7,0,0,3,106,0,0.0,0,0,13.0
664,19,1,2,7,6,1987.0,3,59,147.636,6.0,55.302019,3799.1664,12.8
665,19,1,2,7,6,1993.0,3,59,95.1432,4.0,41.010486,2424.5112,12.8
666,7,0,57,7,0,2000.0,3,27,0,0.0,0,0,12.8
667,6,1,48,7,3,2002.0,0,67,22.9656,0.0,22.369356,0,12.7
668,0,1,42,7,3,0,3,101,42.6504,0.0,29.204437,1377.936,12.6
669,4,1,56,7,3,2006.0,3,101,42.6504,0.0,29.204437,1377.936,12.6
670,19,1,2,7,3,1974.0,3,67,0,0.0,37.903631,0,12.4
671,6,1,17,7,6,0,3,101,42.6504,0.0,29.204437,1377.936,12.3
672,19,1,42,7,3,2002.0,3,13,42.6504,0.0,29.204437,1377.936,12.2
673,1,1,30,7,3,0,3,101,45.9312,0.0,27.961695,1213.896,12.0
674,8,1,28,7,3,1998.0,3,101,49.212,0.0,21.747985,1181.088,11.9
675,11,1,51,7,6,1990.0,3,59,82.02,2.0,43.49597,1509.168,11.9
676,11,1,32,7,3,1996.0,3,101,49.212,0.0,27.961695,1213.896,11.8
677,6,1,48,7,0,2000.0,3,49,0,0.0,0,0,11.7
678,18,1,51,7,6,2007.0,3,0,111.5472,5.0,49.70968,2260.4712,11.6
679,19,1,42,7,3,0,3,101,42.6504,0.0,29.204437,1377.936,11.4
680,8,4,43,7,6,2005.0,0,79,98.424,0.0,0,0,11.4
681,19,1,30,7,3,2001.0,3,101,0,0.0,27.340324,0,11.3
682,2,1,51,7,3,1981.0,3,59,75.4584,2.0,39.767744,2401.5456,11.1
683,19,1,56,7,2,2011.0,15,28,49.212,2.0,25.476211,1282.7928,10.9
684,9,1,30,7,3,1996.0,3,101,45.9312,0.0,28.0,1213.896,10.7
685,10,1,42,7,7,0,0,0,0,0.0,0,0,10.7
686,19,1,56,0,4,2011.0,0,0,42.6504,0.0,29.204437,1377.936,10.5
687,14,1,56,7,4,0,15,22,55.7736,0.0,0,1400.9016,10.4
688,19,1,2,7,3,1971.0,3,67,42.6504,0.0,37.28226,2499.9696,10.3
689,18,0,32,7,3,1997.0,3,101,49.212,0.0,27.961695,1213.896,10.3
690,0,1,32,7,3,1997.0,3,101,49.212,0.0,27.961695,1213.896,10.3
691,2,1,56,7,3,2003.0,3,101,42.6504,0.0,11.184678,885.816,10.1
692,6,1,51,7,6,0,3,59,121.3896,7.0,46.602825,3116.76,10.0
693,1,1,51,7,6,1987.0,3,0,82.02,0.0,27.961695,1968.48,10.0
694,19,1,51,7,6,0,0,22,49.212,0.0,26.097582,1122.0336,9.6
695,19,0,51,7,6,1990.0,2,8,118.1088,3.0,47.224196,935.028,9.5
696,19,1,2,7,3,1966.0,3,67,36.0888,0.0,0,2398.2648,9.4
697,18,1,42,0,3,2018.0,0,0,0,0.0,0,0,9.2
698,19,1,30,7,3,2013.0,3,101,52.4928,0.0,35.0,1345.128,9.1
699,6,1,48,7,3,1995.0,3,22,0,0.0,0,0,8.8
700,10,1,42,7,3,1996.0,3,0,42.6504,0.0,31.06855,1377.936,8.8
701,11,0,11,11,3,1991.0,3,97,49.212,0.0,34.175405,1614.1536,8.6
702,7,1,40,11,3,1999.0,3,97,91.8624,0.0,49.70968,3605.5992,8.2
703,4,1,37,7,3,1986.0,3,59,36.0888,1.0,0,1197.492,8.0
704,1,1,51,7,6,2001.0,2,8,118.1088,3.0,47.224196,935.028,7.9
705,18,1,56,7,3,1987.0,0,14,0,0.0,0,0,7.9
706,18,1,37,7,6,0,3,59,36.0888,1.0,0,1197.492,7.8
707,19,1,51,7,3,1991.0,2,80,118.1088,3.0,47.224196,935.028,7.6
708,7,0,32,7,3,2010.0,3,101,49.212,0.0,27.961695,1213.896,7.1
709,19,1,2,7,3,1967.0,3,67,36.0888,0.0,29.204437,2322.8064,7.0
710,6,1,54,11,3,1989.0,3,74,114.828,0.0,52.816535,3936.96,6.9
711,19,1,51,7,6,1997.0,2,80,118.1088,3.0,47.224196,935.028,6.8
712,6,1,39,7,3,2010.0,3,0,32.808,0.0,31.06855,1509.168,6.8
713,2,1,51,7,6,1987.0,2,82,118.1088,3.0,47.224196,935.028,6.7
714,1,1,51,7,6,1999.0,3,94,108.2664,5.0,49.70968,2260.4712,6.5
715,19,1,2,7,6,1976.0,3,59,75.4584,3.0,43.49597,2017.692,6.5
716,13,1,50,7,0,0,3,106,0,0.0,0,0,6.4
717,19,1,2,7,6,1980.0,3,59,65.616,4.0,41.010486,2099.712,6.3
718,18,1,30,7,3,1983.0,0,14,19.6848,0.0,18.64113,767.7072,6.3
719,7,0,51,7,6,1979.0,3,9,75.4584,2.0,39.767744,2401.5456,6.3
720,19,1,44,7,3,2016.0,0,0,0,0.0,0,0,6.1
721,8,1,30,7,3,1992.0,0,14,13.1232,0.0,22.369356,820.2,5.9
722,19,1,51,7,6,1997.0,2,80,114.828,3.0,46.602825,935.028,5.8
723,8,1,51,7,6,1998.0,3,94,108.2664,5.0,49.70968,2509.812,5.7
724,12,1,51,7,6,1988.0,3,58,61.0,2.0,40.0,0,5.7
725,6,0,44,7,6,2010.0,3,0,36.0888,0.0,26.718953,1017.048,5.5
726,6,1,37,7,4,2016.0,3,107,55.7736,0.0,0,0,5.3
727,19,1,51,7,6,1992.0,3,59,121.3896,5.0,52.195164,2742.7488,5.1
728,19,1,51,7,6,1989.0,3,59,108.2664,4.0,54.680648,2431.0728,5.0
729,10,1,48,7,6,1995.0,3,0,91.8624,0.0,55.92339,2362.176,5.0
730,19,1,2,7,6,1984.0,3,59,68.8968,3.0,43.49597,1601.0304,5.0
731,19,1,51,7,6,1997.0,3,78,111.5472,5.0,49.70968,2260.4712,4.9
732,19,1,51,7,6,1995.0,3,94,101.7048,5.0,49.70968,2171.8896,4.2
733,8,1,39,7,3,2011.0,3,22,36.0888,0.0,0,1410.744,4.1
734,19,1,51,7,6,2013.0,3,6,118.1088,3.0,46.602825,875.9736,4.0
735,7,1,51,7,6,2001.0,3,94,108.2664,5.0,49.70968,2260.4712,3.8
736,5,1,56,7,2,2005.0,10,0,49.212,2.0,25.476211,1282.7928,3.7
737,19,1,51,7,6,1995.0,3,78,108.2664,5.0,49.70968,2260.4712,3.2
738,19,1,51,7,6,1998.0,3,82,118.1088,3.0,47.224196,935.028,3.1
739,19,1,51,7,6,2000.0,2,80,118.1088,3.0,47.224196,935.028,3.0
740,7,1,57,9,4,0,0,0,0,0.0,0,0,3.0
741,15,1,40,11,3,2002.0,3,97,118.1088,0.0,55.92339,4573.4352,3.0
742,19,1,51,7,6,2000.0,3,82,118.1088,3.0,46.602825,875.9736,2.7
743,7,1,51,7,6,1999.0,3,94,108.2664,5.0,49.70968,2260.4712,2.7
744,2,1,51,7,6,1984.0,2,82,118.1088,3.0,47.224196,935.028,2.7
745,19,1,2,7,6,1976.0,3,59,101.7048,4.0,50.331051,2129.2392,2.6
746,2,1,51,7,6,0,3,78,108.2664,5.0,49.70968,3244.7112,2.2
747,7,0,46,7,3,1989.0,9,14,32.808,0.0,0,0,1.8
748,2,1,56,7,2,2004.0,10,30,49.212,2.0,25.476211,1282.7928,1.4
749,6,0,48,7,6,2003.0,10,59,0,1.0,0,0,1.3
750,19,1,51,7,6,1998.0,3,78,111.5472,5.0,49.70968,2260.4712,0.6
751,13,1,44,7,6,0,3,101,42.6504,0.0,0,1049.856,0.6
752,11,1,51,7,6,1994.0,3,94,101.7048,5.0,49.70968,2171.8896,0.5
753,0,1,56,7,2,2004.0,15,30,68.8968,2.0,31.06855,1436.9904,0.3
